Workbook

Sheet Listado
A1: FAMILIA | B1: DNI | C1: CONTACTO | D1: DIRECCIÓN | E1: COMP. FAMILIAR | F1: RESPONSABLE
A2: Marisol Benitez Gimenez | B2: 95097978 | C2: 2257-410680 | D2: Torino 1950 | E2: 5 | F2: Alicia
A3: Karen Zalazar | B3: 41150179 | C3: 011-21922121 | D3: Palacio 1123 | E3: 6 | F3: Alicia
A4: Maria Rosa Astudillo | B4: 22062236 | C4: 2257-648821 | D4: Lebensohn 913 | E4: 3 | F4: Alicia
A5: Juliana Garay | B5: 26949108 | C5: - | D5: Blanco Encalada 1328 | F5: Alicia
A6: Domingo Di Genova | B6: 16979387 | F6: Alicia
A7: America Anriquez | B7: 11897226 | C7: 2257-421838 | D7: Ramos Mejia 1350 | E7: 2 | F7: Alicia
A8: Denis Moyano | B8: 40302862 | C8: 2257-408408 | D8: Ramos Mejia 2434 | E8: 3 | F8: Alicia
A9: Ramon Lujan | D9: Olmos 290 | F9: Alicia
A10: Rocio Rossi | B10: 40861647 | C10: 2257-512433 | D10: Lebensohn 156 | E10: 4 | F10: Alicia
A11: Ramon Aranda | B11: 5319601 | D11: Olmos 290 | E11: 2 | F11: Alicia
A12: Cristina Yamila Gomez | B12: 37198780 | C12: 011-53194731 | D12: Lobo de Mar 905 | E12: 3 | F12: Alicia
A13: Rosa Carolina Claverie | B13: 23983141 | C13: 2257-409329 | D13: Lugones 352 | E13: 2 | F13: Alicia
A14: Miguel Angel Morel | B14: 14421874 | C14: 2257-314091 | D14: Azopardo 1648 | E14: 2 | F14: Alicia
A15: Juan Ramon Podazza | B15: 17067721 | C15: 2257-524437 | D15: Espora 2348 | E15: 4 | F15: Alicia
A16: Leila Daiana Barrionuevo | B16: 41196195 | C16: 2257-558726 | D16: Blanco Encalada 2281 | E16: 3 | F16: Alicia
A17: Irupé Alejandra Chaparro | B17: 40256430 | C17: 2257-550465 | D17: Olmos y Pueyrredon (Casa 3) | E17: 3 | F17: Alicia
A18: Marcela Alejandra Gomez | B18: 22404551 | C18: 2257-405238 | D18: Olmos 224 | E18: 3 | F18: Alicia
A19: Veronica Andrea Paszukievicz | B19: 23087773 | C19: 011-58719913 | D19: Pueyrredon 520 | E19: 1 | F19: Alicia
A20: Isabel Mercedes Torancio | B20: 18538454 | C20: 2257-309831 | D20: Olmos y Pueyrredon (Casa 1) | E20: 3 | F20: Alicia
A21: Camila Naomi Vergara | B21: 44335274 | C21: 2257-406648 | D21: Ushuaia 1545 | E21: 3 | F21: Alicia | G21: Repetido con Luciana
A22: Daiana Melisa Falcon | B22: 32656564 | C22: 2257-307509 | D22: Argentina 1360 | E22: 3 | F22: Alicia
A23: Erica Elizabeth Devia | B23: 24529624 | C23: 2257-403871 | D23: Libres del Sur 289 | E23: 4 | F23: Alicia
A24: Ana María Astudillo | B24: 20460132 | C24: 2257-408306 | D24: Sarandí 1700 | E24: 3 | F24: Alicia
A25: Puntilio Maria | B25: 10154202 | C25: - | D25: Olmos 218 | F25: Alicia
A26: Mirta Beatiz Deareys | B26: 20315674 | C26: 2257-615278 | D26: Blanco Encalada 2281 | E26: 1 | F26: Alicia
A27: Ana Rosa Benitez | B27: 6219667 | C27: 2257-610506 | D27: Calvetti 627 | E27: 1 | F27: Alicia
A28: Judith Araceli Cardenas | B28: 22789930 | C28: 011-31156064 | D28: La Margarita 342 | E28: 1 | F28: Alicia
A29: Benjamin Nieves | B29: 48636953 | C29: 2257-543060 | D29: Tierra del Fuego 1941 | E29: 3 | F29: Alicia | G29: Coincidencia con moni
A30: Felisa Colqui | B30: 9987622 | C30: 2257-408408 | D30: Hernandez 665 | E30: 4 | F30: Alicia
A31: Santa Cecilia Gularte | B31: 30792577 | C31: 2257-417827 | D31: Ascasubi 589 | E31: 6 | F31: Alicia
A32: Funes Pablo | B32: 32197277 | C32: - | D32: Hernandez 665 | F32: Alicia
A33: Gloria Diaz | B33: 13295827 | D33: Diag. Cobo 840 | E33: 5 | F33: Alicia
A34: Dora Funes | B34: 27283186 | C34: 2257-408408 | D34: Caseros 150 | E34: 4 | F34: Alicia
A35: Berlinda Raquel Lagraña Caballero | B35: 95845820 | C35: 2257-554584 | D35: El Ancla 920 | E35: 3 | F35: Alicia
A36: Amelia Noemí Castro | B36: 11730351 | C36: 2257-648754 | D36: Olmos y Espora 234 | E36: 1 | F36: Alicia
A37: Eva Martina Casco | B37: 10637796 | C37: 2257-503835 | D37: Montevideo 411 | E37: 2 | F37: Alicia
A38: Ana Maria Correa | B38: 18228361 | C38: - | D38: Marano 1078 | E38: 1 | F38: Alicia
A39: Estefania Geraldine Sosa | B39: 47397463 | C39: 2257-543067 | D39: Tierra del Fuego 1541 | E39: 2 | F39: Alicia
A40: Marina Moreno | B40: 23452403 | C40: 2257-534587 | D40: Azopardo 2056 | E40: 1 | F40: Alicia
A41: Daniel Morinigo | B41: 28443292 | D41: Calvetti | F41: Alicia
A42: Diego Esteban Tabarez | B42: 31493840 | C42: 2257-667188 | D42: Ascasubi 528 | E42: 4 | F42: Alicia
A43: Eva Cecilia Morinigo | B43: 29568503 | C43: 2257-546895 | D43: Calvetti 627 | E43: 2 | F43: Alicia
A44: Alicia Noemi Morel | B44: 27739220 | C44: 11-73632680 | D44: Julio Campo 150 | E44: 1 | F44: Alicia
A45: Celsa Rosana Venialgo Aquino | B45: 95190394 | C45: 2257-504162 | D45: Brown 1977 | E45: 4 | F45: Alicia
A46: Claudia Valentina Gonzalez | B46: 94909695 | C46: 2257-603411 | D46: Ascasubi 580 | E46: 3 | F46: Alicia
A47: Hector Martin Balmaceda | B47: 37537744 | C47: 2257-542576 | D47: Calvetti y Lobo de Mar (Casa 9) | E47: 2 | F47: Alicia
A48: Guzman Elda Beatriz | B48: 11730341 | C48: - | D48: Olmos 290 | E48: 1 | F48: Alicia
A49: Soledad Belen Cordoba | B49: 35746468 | C49: 2257-559428 | D49: Cobo 640 | E49: 3 | F49: Alicia
A50: Luis Angel Mosquera | B50: 40389485 | C50: - | D50: Madariaga 2449 | E50: 2 | F50: Alicia
A51: Josefina Lorente | B51: 43656406 | C51: 2257-524461 | D51: Julio Campo 108 | E51: 2 | F51: Alicia
A52: Maricel Alejandra Herrera | B52: 38955125 | C52: 2257-406391 | D52: Dolores 955 | E52: 3 | F52: Ana
A53: Casandra Anahi Lubrano Lavadera | B53: 34818706 | C53: 011-68502043 | D53: Cobo 423 | E53: 3 | F53: Ana
... A67: Daiana Gisel Pinto | B67: 34737899 | C67: 2257-639846 | D67: Torino 1930 | E67: 6 | F67: Ana
A68: Otero Carlos | B68: 30003941 | E68: 4 | F68: Ana
A69: Karen Daiana Campoya | B69: 42343597 | C69: 2257-544306 | D69: Querini y el Cano | E69: 3 | F69: Ana
A70: Medina Cinthia | B70: 17544838 | E70: 4 | F70: Ana
A71: Denis Zotelo | B71: 42778700 | C71: 2257-415281 | D71: Santa fe y Tucuman | E71: 3 | F71: Ana
A72: Mirna Zotelo | B72: 46354186 | C72: 2257-528538 | D72: El Cano 3373 | E72: 1 | F72: Ana
A73: Sergio David Menendez | B73: 45909984 | C73: 2257-633806 | D73: Lobo de Mar 950 | E73: 5 | F73: Ana
A74: Rosa Marcela Acosta | B74: 18658231 | C74: 2257-612670 | D74: Rico 283 | E74: 1 | F74: Ana
A75: Rogelio Batista | B75: 7559612 | C75: 2257-549977 | D75: Olmos 509 | E75: 1 | F75: Ana
A76: Romina Roxana Renes | B76: 29211788 | C76: - | D76: Calle 21 y Garay | E76: 4 | F76: Ana
A77: Estella Menese | B77: 5318665 | F77: Ana
A78: Laura Figueroa | B78: 29277166 | C78: 2245-529370 | D78: Calle 23 y 2 | E78: 4 | F78: Ana
A79: Gisela Veronica Detomasi | B79: 29986427 | C79: 2257-547594 | D79: Marmol 236 | E79: 4 | F79: Ana
A80: Alfredo Goñi | B80: 5084858 | C80: 2257-557455 | D80: Espora 2359 | E80: 2 | F80: Ana
A81: Monica Patricia Diaz | B81: 16453699 | C81: - | D81: Garay 1660 | E81: 1 | F81: Ana
A82: Pablo Ariel Agulleiro | B82: 35634360 | C82: 2257-532967 | D82: Lugones 1018 | E82: 4 | F82: Ana
A83: Alejandra Dure | B83: 21800803 | C83: 2257-646283 | D83: Av San Bernardo y Calle 23 | E83: 5 | F83: Ana
A84: Stella Maris Bejaran | B84: 12386211 | C84: - | D84: Lebensohn 1140 | E84: 2 | F84: Ana
A85: Gonzalo Sandoval | B85: 47647140 | C85: 2257-652428 | D85: Marmol 236 | E85: 3 | F85: Ana
A86: Lucila Naim Suarez | B86: 44965795 | C86: - | D86: Tucumán y Santa Fé | E86: 3 | F86: Ana
A87: Alejandro Campoya | B87: 18226453 | C87: - | D87: Querini y el Ancla | E87: 3 | F87: Ana
A88: Daiana Gonzalez | B88: 38017070 | C88: 2257-527086 | D88: Andrade 1654 | E88: 4 | F88: Ana
A89: Macarena Estefanía Herrera | B89: 39117903 | C89: - | D89: Querini 1030 | E89: 2 | F89: Ana
A90: Sanchez Laura Andrea | B90: 29568289 | C90: 2235251717 | D90: Ramos Mejía y Cramer 47) | F90: Ana
A91: Mirta Susana Suarez | B91: 12290815 | C91: - | D91: Querini y el Cano 1150 (Casa 46) | E91: 3 | F91: Ana
A92: Ana Maria Escobar | B92: 31662186 | C92: 2257-545323 | D92: Olmos y Pueyrredon | E92: 5 | F92: Ana
A93: Fiamma Rotella | B93: 40223877 | C93: 2257-403295 | D93: Guido Spano 1300 | E93: 5 | F93: Ana
A94: Elsa Alicia Arrua | B94: 12116531 | C94: 11-26347932 | D94: Pueyrredon 1894 | E94: 2 | F94: Ana
A95: Melany Fabiana Cuevas | B95: 45914708 | C95: - | D95: Julio Campos 1880 | E95: 3 | F95: Ana
A96: Roberto Flavio Silos | B96: 16672128 | C96: 11-64699096 | D96: Lebensohn 130 | E96: 2 | F96: Ana
A97: Olga Susana San Martin | B97: 18798924 | C97: 2257-415397 | D97: Obligado y el Cano | E97: 1 | F97: Ana
A98: Luciana Fernanda Cuevas | B98: 43305223 | C98: - | D98: Montevideo 2387 | E98: 3 | F98: Ana
A99: Myrian Noemi Sanchez | B99: 26370439 | C99: 2257-534770 | D99: El Ancla y Yunque | E99: 4 | F99: Ana
A100: Bianca Aylen Acuña Diaz | B100: 44934938 | C100: 2257-521955 | D100: Blanco Encalada 2280 | E100: 2 | F100: Ana
A101: Sofia Campoya | B101: 40356820 | C101: - | D101: Querini y El Cano | E101: 2 | F101: Ana
A102: Rosa Herrera | B102: 12229285 | C102: 2257-535907 | D102: Querini 1030 | E102: 3 | F102: Ana
A103: Silvia Antonia Matus | B103: 11817522 | C103: 2122943181 | D103: Yunque 710 | E103: 4 | F103: Ana
A104: Sofia Ayelen Gioanini | B104: 40021642 | C104: 2257-665095 | D104: Palacios y Sacconi | E104: 2 | F104: Ana
A105: Lautaro Antonio Nieves Odriozola | B105: 47088131 | C105: 2257-543067 | D105: Querini y el Cano (Casa 70) | E105: 2 | F105: Ana
A106: Cintia Natalia Cardozo | B106: 29211535 | C106: 2257-536037 | D106: Querini y el Cano (Casa 68) | E106: 2 | F106: Ana
A107: Maria del Carmen Sarmiento | B107: 17273143 | C107: 2257-521955 | D107: Blanco Encalada 2280 | E107: 1 | F107: Ana
A108: Yamila Daniela Cuevas | B108: 40795111 | C108: - | D108: El Ancla y Yunque | E108: 4 | F108: Ana
A109: Myriam Roxana Tardioli | B109: 14394673 | C109: 2257-528276 | D109: Quinteros 1172 | E109: 2 | F109: Ana
A110: Lucia Elba Sanchez | B110: 11749611 | C110: 2257-586363 | D110: Marmol 236 | E110: 1 | F110: Ana
A111: Alejandro Campoya | B111: 18226453 | C111: - | D111: Querini y el Cano | E111: 5 | F111: Ana
A112: Ana Rosa Tello | B112: 28615677 | C112: 2257-528843 | D112: Palacios 620 | E112: 3 | F112: Angeles
A113: Andrea Roldan | B113: 34350110 | C113: 2257-542053 | D113: Libres del Sur 1470 | E113: 4 | F113: Angeles
...

Sheet Sin asignar
A1: FAMILIA | B1: DNI | C1: CONTACTO | D1: DIRECCION | E1: COMP. FAMILIAR | F1: RESPONSABLE
A2: Adrian Claudio Lopez | B2: 23127346 | C2: - | D2: Newbery y Sarmiento | E2: 1 | F2: Local
A3: Axel Gauna | B3: 42946946 | C3: 2257-409784 | D3: Solis 2003 | E3: 2 | F3: Local
A4: Fabian San Pedro | B4: 16564850 | C4: 2257-539719 | D4: Azopardo 2115 | E4: 1 | F4: Local
A5: Leonardo Ferreyra | B5: 11316801 | C5: 23004659 | D5: Montevideo 1186 | E5: 1 | F5: Local
A6: Atilio Beliz | B6: 10296302 | C6: - | D6: Lobo de Mar y Montevideo | E6: 2 | F6: Local
A7: Diego Velozo | B7: 32790206 | C7: - | D7: Pueyrredon 207 | E7: 1 | F7: Local
A8: Andrea De Leonardo | B8: 43582623 | C8: 2257-630662 | D8: Olmos 680 | E8: 2 | F8: Local
A9: Antonio Rodriguez | B9: 21548077 | C9: - | D9: Chascomus 1052 | F9: Local
A10: Nilda Astudillo | B10: 14977856 | C10: 2257-550558 | D10: Sarandi 1453 | E10: 3 | F10: Local
A11: Juan Alberto Serrano | B11: 12913429 | C11: 011-23378516 | D11: Ascasubi 207 | E11: 1 | F11: Local
A12: Juan Carlos Encina | B12: 21306084 | C12: - | D12: Castelli 363 | E12: 1 | F12: Local
A13: Ariel Demetrio | B13: 34589794 | C13: 2254-417843 | D13: Chascomus y Ramos Mejia | E13: 6 | F13: Local
A14: Ramon Sanabria | B14: 22201987 | C14: - | D14: Lebensohn y Azopardo | E14: 1 | F14: Local
A15: Claudio Lopez | B15: 23127346 | C15: - | D15: Situación de Calle | E15: 1 | F15: Local
A16: Patricia Padilla | B16: 32698210 | C16: 011-24761661 | D16: Marano 1191 | E16: 2
A17: Mirta Gomez | B17: 10266238 | C17: 011-22640144 | D17: Guiraldes 1343 | E17: 2
A18: Miguel Sanchez | B18: 8603093 | C18: 011-53294517 | D18: Cramer 624 | E18: 1
A19: Teofilo Lezcano | B19: 93645678 | C19: 2257-610278 | D19: Salta 1033 | E19: 3
A20: Matias Freire | B20: 30533742 | D20: Azopardo 170 | E20: 1
A21: Francisco Gonzalez | B21: 22887783 | D21: Querini y Salta | E21: 3
A22: Ignacio Pelaes | B22: 42070119 | D22: Estanislao del Campo 916 | E22: 3
A23: Maria Ines Aquino | B23: 14688000 | D23: Marano 613 | E23: 2
A24: Manuel Escudero | B24: 5325452 | D24: L. del Sur 339 | E24: 2
A25: Alejandra Escudero | B25: 22322258 | D25: L. del Sur 339 | E25: 2
A26: Dora Mane | B26: 3890534 | D26: Caseros 64 | E26: 2
A27: Mabel Manquez | B27: 92104177 | D27: Guiraldes 1279 | E27: 4
A28: Erica Astudillo | B28: 40021634 | D28: Lebensohn 1593 | E28: 2
A29: Armando Troncoso | B29: 92217967 | D29: R. Mejía y Lebensohn | E29: 1
A30: Pedro Alcaras | B30: 16688717 | D30: Est. del Campo 527 | E30: 5
A31: Sergio Fleytas | B31: 31415461 | D31: Yunque 686 | E31: 3
... A61: Malena Zurita | B61: 44788732 | D61: La Argentina y Sacconi | E61: 3
A62: Beatriz Guzman | D62: Olmos 290 | E62: 1
A63: Elizabeth Sosa | B63: 23847154 | D63: J. Ingenieros 66 | E63: 2
A64: Bianca Benitez | B64: 95322388 | D64: Jujuy 1184 | E64: 2
A65: Mariela Roldan | B65: 40236595 | D65: Julio Campos 960 | E65: 5
A66: Antonella Jara | B66: 41004089 | D66: Colon 20 | E66: 3
A67: Aureliana Ortiz | B67: 94335000 | D67: Dolores 620 | E67: 5
A68: Gladys Fleitas | B68: 11951307 | D68: Tierra del Fuego 1931 | E68: 2
A69: Roxana Francisca Aguirre | B69: 32648777 | D69: Pueyrredon 761 | E69: 2
A71: Claudia Oporto | B71: 30267015 | D71: Sarandi 1700 | E71: 3
A72: Ana Maria Astudillo | B72: 20460132 | D72: Sarandi 1700 | E72: 3
A73: Maximiliano Caquia | B73: 45579922 | D73: Sarandi 1700 | E73: 2
A74: Rocio Ayelen Caceres | B74: 36736795 | D74: Cramer 1500 | E74: 2

Sheet Backup desactualizado
A1: FAMILIA | B1: DNI | C1: CONTACTO | D1: DIRECCION | E1: COMP. FAMILIAR | F1: RESPONSABLE
A2: Marisol Benitez Gimenez | B2: 95097978 | C2: 2257-410680 | D2: Torino 1950 | E2: 5 | F2: Alicia
A3: Karen Zalazar | B3: 41150179 | C3: 011-21922121 | D3: Palacio 1123 | E3: 6 | F3: Alicia
A4: Maria Rosa Astudillo | B4: 22062236 | C4: 2257-648821 | D4: Lebensohn 913 | E4: 3 | F4: Alicia
A5: Juliana Garay | B5: 26949108 | C5: - | D5: Blanco Encalada 1328 | F5: Alicia
A6: Domingo Di Genova | B6: 16979387 | F6: Alicia
A7: America Anriquez | B7: 11897226 | C7: 2257-421838 | D7: Ramos Mejia 1350 | E7: 2 | F7: Alicia
A8: Denis Moyano | B8: 40302862 | C8: 2257-408408 | D8: Ramos Mejia 2434 | E8: 3 | F8: Alicia
A9: Ramon Lujan | D9: Olmos 290 | F9: Alicia
A10: Rocio Rossi | B10: 40861647 | C10: 2257-512433 | D10: Lebensohn 156 | E10: 4 | F10: Alicia
A11: Ramon Aranda | B11: 5319601 | D11: Olmos 290 | E11: 2 | F11: Alicia
A12: Cristina Yamila Gomez | B12: 37198780 | C12: 011-53194731 | D12: Lobo de Mar 905 | E12: 3 | F12: Alicia
A13: Rosa Carolina Claverie | B13: 23983141 | C13: 2257-409329 | D13: Lugones 352 | E13: 2 | F13: Alicia
A14: Miguel Angel Morel | B14: 14421874 | C14: 2257-314091 | D14: Azopardo 1648 | E14: 2 | F14: Alicia
A15: Juan Ramon Podazza | B15: 17067721 | C15: 2257-524437 | D15: Espora 2348 | E15: 4 | F15: Alicia
A16: Leila Daiana Barrionuevo | B16: 41196195 | C16: 2257-558726 | D16: Blanco Encalada 2281 | E16: 3 | F16: Alicia
A17: Irupé Alejandra Chaparro | B17: 40256430 | C17: 2257-550465 | D17: Olmos y Pueyrredon (Casa 3) | E17: 3 | F17: Alicia
A18: Marcela Alejandra Gomez | B18: 22404551 | C18: 2257-405238 | D18: Olmos 224 | E18: 3 | F18: Alicia
A19: Veronica Andrea Paszukievicz | B19: 23087773 | C19: 011-58719913 | D19: Pueyrredon 520 | E19: 1 | F19: Alicia
A20: Isabel Mercedes Torancio | B20: 18538454 | C20: 2257-309831 | D20: Olmos y Pueyrredon (Casa 1) | E20: 3 | F20: Alicia
A21: Camila Naomi Vergara | B21: 44335274 | C21: 2257-406648 | D21: Ushuaia 1545 | E21: 3 | F21: Alicia | G21: Repetido con Luciana
A22: Daiana Melisa Falcon | B22: 32656564 | C22: 2257-307509 | D22: Argentina 1360 | E22: 3 | F22: Alicia
A23: Erica Elizabeth Devia | B23: 24529624 | C23: 2257-403871 | D23: Libres del Sur 289 | E23: 4 | F23: Alicia
A24: Ana María Astudillo | B24: 20460132 | C24: 2257-408306 | D24: Sarandí 1700 | E24: 3 | F24: Alicia
A25: Puntilio Maria | B25: 10154202 | C25: - | D25: Olmos 218 | F25: Alicia
A26: Mirta Beatiz Deareys | B26: 20315674 | C26: 2257-615278 | D26: Blanco Encalada 2281 | E26: 1 | F26: Alicia
A27: Ana Rosa Benitez | B27: 6219667 | C27: 2257-610506 | D27: Calvetti 627 | E27: 1 | F27: Alicia
A28: Judith Araceli Cardenas | B28: 22789930 | C28: 011-31156064 | D28: La Margarita 342 | E28: 1 | F28: Alicia
A29: Benjamin Nieves | B29: 48636953 | C29: 2257-543060 | D29: Tierra del Fuego 1941 | E29: 3 | F29: Alicia | G29: Coincidencia con moni
A30: Felisa Colqui | B30: 9987622 | C30: 2257-408408 | D30: Hernandez 665 | E30: 4 | F30: Alicia
A31: Santa Cecilia Gularte | B31: 30792577 | C31: 2257-417827 | D31: Ascasubi 589 | E31: 6 | F31: Alicia
A32: Funes Pablo | B32: 32197277 | C32: - | D32: Hernandez 665 | F32: Alicia
A33: Gloria Diaz | B33: 13295827 | D33: Diag. Cobo 840 | E33: 5 | F33: Alicia
A34: Dora Funes | B34: 27283186 | C34: 2257-408408 | D34: Caseros 150 | E34: 4 | F34: Alicia
A35: Berlinda Raquel Lagraña Caballero | B35: 95845820 | C35: 2257-554584 | D35: El Ancla 920 | E35: 3 | F35: Alicia
A36: Amelia Noemí Castro | B36: 11730351 | C36: 2257-648754 | D36: Olmos y Espora 234 | E36: 1 | F36: Alicia
A37: Eva Martina Casco | B37: 10637796 | C37: 2257-503835 | D37: Montevideo 411 | E37: 2 | F37: Alicia
A38: Ana Maria Correa | B38: 18228361 | C38: - | D38: Marano 1078 | E38: 1 | F38: Alicia
A39: Estefania Geraldine Sosa | B39: 47397463 | C39: 2257-543067 | D39: Tierra del Fuego 1541 | E39: 2 | F39: Alicia
A40: Marina Moreno | B40: 23452403 | C40: 2257-534587 | D40: Azopardo 2056 | E40: 1 | F40: Alicia
A41: Daniel Morinigo | B41: 28443292 | D41: Calvetti | F41: Alicia
A42: Diego Esteban Tabarez | B42: 31493840 | C42: 2257-667188 | D42: Ascasubi 528 | E42: 4 | F42: Alicia
A43: Eva Cecilia Morinigo | B43: 29568503 | C43: 2257-546895 | D43: Calvetti 627 | E43: 2 | F43: Alicia
A44: Alicia Noemi Morel | B44: 27739220 | C44: 11-73632680 | D44: Julio Campo 150 | E44: 1 | F44: Alicia
A45: Celsa Rosana Venialgo Aquino | B45: 95190394 | C45: 2257-504162 | D45: Brown 1977 | E45: 4 | F45: Alicia
A46: Claudia Valentina Gonzalez | B46: 94909695 | C46: 2257-603411 | D46: Ascasubi 580 | E46: 3 | F46: Alicia
A47: Hector Martin Balmaceda | B47: 37537744 | C47: 2257-542576 | D47: Calvetti y Lobo de Mar (Casa 9) | E47: 2 | F47: Alicia
A48: Guzman Elda Beatriz | B48: 11730341 | C48: - | D48: Olmos 290 | E48: 1 | F48: Alicia
A49: Soledad Belen Cordoba | B49: 35746468 | C49: 2257-559428 | D49: Cobo 640 | E49: 3 | F49: Alicia
A50: Luis Angel Mosquera | B50: 40389485 | C50: - | D50: Madariaga 2449 | E50: 2 | F50: Alicia
A51: Josefina Lorente | B51: 43656406 | C51: 2257-524461 | D51: Julio Campo 108 | E51: 2 | F51: Alicia
A52: Maricel Alejandra Herrera | B52: 38955125 | C52: 2257-406391 | D52: Dolores 955 | E52: 3 | F52: Ana
A53: Casandra Anahi Lubrano Lavadera | B53: 34818706 | C53: 011-68502043 | D53: Cobo 423 | E53: 3 | F53: Ana
... A67: Daiana Gisel Pinto | B67: 34737899 | C67: 2257-639846 | D67: Torino 1930 | E67: 6 | F67: Ana
A68: Otero Carlos | B68: 30003941 | E68: 4 | F68: Ana
A69: Karen Daiana Campoya | B69: 42343597 | C69: 2257-544306 | D69: Querini y el Cano | E69: 3 | F69: Ana
A70: Medina Cinthia | B70: 17544838 | E70: 4 | F70: Ana
A71: Denis Zotelo | B71: 42778700 | C71: 2257-415281 | D71: Santa fe y Tucuman | E71: 3 | F71: Ana
A72: Mirna Zotelo | B72: 46354186 | C72: 2257-528538 | D72: El Cano 3373 | E72: 1 | F72: Ana
A73: Sergio David Menendez | B73: 45909984 | C73: 2257-633806 | D73: Lobo de Mar 950 | E73: 5 | F73: Ana
A74: Rosa Marcela Acosta | B74: 18658231 | C74: 2257-612670 | D74: Rico 283 | E74: 1 | F74: Ana
A75: Rogelio Batista | B75: 7559612 | C75: 2257-549977 | D75: Olmos 509 | E75: 1 | F75: Ana
A76: Romina Roxana Renes | B76: 29211788 | C76: - | D76: Calle 21 y Garay | E76: 4 | F76: Ana
A77: Estella Menese | B77: 5318665 | F77: Ana
A78: Laura Figueroa | B78: 29277166 | C78: 2245-529370 | D78: Calle 23 y 2 | E78: 4 | F78: Ana
A79: Gisela Veronica Detomasi | B79: 29986427 | C79: 2257-547594 | D79: Marmol 236 | E79: 4 | F79: Ana
A80: Alfredo Goñi | B80: 5084858 | C80: 2257-557455 | D80: Espora 2359 | E80: 2 | F80: Ana
A81: Monica Patricia Diaz | B81: 16453699 | C81: - | D81: Garay 1660 | E81: 1 | F81: Ana
A82: Pablo Ariel Agulleiro | B82: 35634360 | C82: 2257-532967 | D82: Lugones 1018 | E82: 4 | F82: Ana
A83: Alejandra Dure | B83: 21800803 | C83: 2257-646283 | D83: Av San Bernardo y Calle 23 | E83: 5 | F83: Ana
A84: Stella Maris Bejaran | B84: 12386211 | C84: - | D84: Lebensohn 1140 | E84: 2 | F84: Ana
A85: Gonzalo Sandoval | B85: 47647140 | C85: 2257-652428 | D85: Marmol 236 | E85: 3 | F85: Ana
A86: Lucila Naim Suarez | B86: 44965795 | C86: - | D86: Tucumán y Santa Fé | E86: 3 | F86: Ana
A87: Alejandro Campoya | B87: 18226453 | C87: - | D87: Querini y el Ancla | E87: 3 | F87: Ana
A88: Daiana Gonzalez | B88: 38017070 | C88: 2257-527086 | D88: Andrade 1654 | E88: 4 | F88: Ana
A89: Macarena Estefanía Herrera | B89: 39117903 | C89: - | D89: Querini 1030 | E89: 2 | F89: Ana
A90: Sanchez Laura Andrea | B90: 29568289 | C90: 2235251717 | D90: Ramos Mejía y Cramer 47) | F90: Ana
A91: Mirta Susana Suarez | B91: 12290815 | C91: - | D91: Querini y el Cano 1150 (Casa 46) | E91: 3 | F91: Ana
A92: Ana Maria Escobar | B92: 31662186 | C92: 2257-545323 | D92: Olmos y Pueyrredon | E92: 5 | F92: Ana
A93: Fiamma Rotella | B93: 40223877 | C93: 2257-403295 | D93: Guido Spano 1300 | E93: 5 | F93: Ana
A94: Elsa Alicia Arrua | B94: 12116531 | C94: 11-26347932 | D94: Pueyrredon 1894 | E94: 2 | F94: Ana
A95: Melany Fabiana Cuevas | B95: 45914708 | C95: - | D95: Julio Campos 1880 | E95: 3 | F95: Ana
A96: Roberto Flavio Silos | B96: 16672128 | C96: 11-64699096 | D96: Lebensohn 130 | E96: 2 | F96: Ana
A97: Olga Susana San Martin | B97: 18798924 | C97: 2257-415397 | D97: Obligado y el Cano | E97: 1 | F97: Ana
A98: Luciana Fernanda Cuevas | B98: 43305223 | C98: - | D98: Montevideo 2387 | E98: 3 | F98: Ana
A99: Myrian Noemi Sanchez | B99: 26370439 | C99: 2257-534770 | D99: El Ancla y Yunque | E99: 4 | F99: Ana
A100: Bianca Aylen Acuña Diaz | B100: 44934938 | C100: 2257-521955 | D100: Blanco Encalada 2280 | E100: 2 | F100: Ana
A101: Sofia Campoya | B101: 40356820 | C101: - | D101: Querini y El Cano | E101: 2 | F101: Ana
A102: Rosa Herrera | B102: 12229285 | C102: 2257-535907 | D102: Querini 1030 | E102: 3 | F102: Ana
A103: Silvia Antonia Matus | B103: 11817522 | C103: 2122943181 | D103: Yunque 710 | E103: 4 | F103: Ana
A104: Sofia Ayelen Gioanini | B104: 40021642 | C104: 2257-665095 | D104: Palacios y Sacconi | E104: 2 | F104: Ana
A105: Lautaro Antonio Nieves Odriozola | B105: 47088131 | C105: 2257-543067 | D105: Querini y el Cano (Casa 70) | E105: 2 | F105: Ana
A106: Cintia Natalia Cardozo | B106: 29211535 | C106: 2257-536037 | D106: Querini y el Cano (Casa 68) | E106: 2 | F106: Ana
A107: Maria del Carmen Sarmiento | B107: 17273143 | C107: 2257-521955 | D107: Blanco Encalada 2280 | E107: 1 | F107: Ana
A108: Yamila Daniela Cuevas | B108: 40795111 | C108: - | D108: El Ancla y Yunque | E108: 4 | F108: Ana
A109: Myriam Roxana Tardioli | B109: 14394673 | C109: 2257-528276 | D109: Quinteros 1172 | E109: 2 | F109: Ana
A110: Lucia Elba Sanchez | B110: 11749611 | C110: 2257-586363 | D110: Marmol 236 | E110: 1 | F110: Ana
A111: Alejandro Campoya | B111: 18226453 | C111: - | D111: Querini y el Cano | E111: 5 | F111: Ana
A112: Ana Rosa Tello | B112: 28615677 | C112: 2257-528843 | D112: Palacios 620 | E112: 3 | F112: Angeles
A113: Andrea Roldan | B113: 34350110 | C113: 2257-542053 | D113: Libres del Sur 1470 | E113: 4 | F113: Angeles
...

Sheet Mercadería 221025
A1: FAMILIA | B1: DNI | C1: CONTACTO | D1: DIRECCIÓN | E1: COMP. FAMILIAR | F1: RESPONSABLE
A2: {=IFERROR(INDEX(Listado!$A:$A,MATCH($B2,Listado!$B:$B,0)),"")} -> Barbara Cardozo | B2: 31977775 | C2: {=IFERROR(INDEX(Listado!$C:$C,MATCH($B2,Listado!$B:$B,0)),"")} -> - | D2: {=IFERROR(INDEX(Listado!$D:$D,MATCH($B2,Listado!$B:$B,0)),"")} -> Ramos Mejia 819 | E2: {=IFERROR(INDEX(Listado!$E:$E,MATCH($B2,Listado!$B:$B,0)),"")} -> 5 | F2: {=IFERROR(INDEX(Listado!$F:$F,MATCH($B2,Listado!$B:$B,0)),"")} -> Laura
A3: {=IFERROR(INDEX(Listado!$A:$A,MATCH($B3,Listado!$B:$B,0)),"")} -> Carolina Arce | B3: 24999650 | C3: {=IFERROR(INDEX(Listado!$C:$C,MATCH($B3,Listado!$B:$B,0)),"")} -> 2257-526956 | D3: {=IFERROR(INDEX(Listado!$D:$D,MATCH($B3,Listado!$B:$B,0)),"")} -> Olmos 786 | E3: {=IFERROR(INDEX(Listado!$E:$E,MATCH($B3,Listado!$B:$B,0)),"")} -> 6 | F3: {=IFERROR(INDEX(Listado!$F:$F,MATCH($B3,Listado!$B:$B,0)),"")} -> Laura
A4: {=IFERROR(INDEX(Listado!$A:$A,MATCH($B4,Listado!$B:$B,0)),"")} -> Gloria Diaz | B4: 13295827 | C4: {=IFERROR(INDEX(Listado!$C:$C,MATCH($B4,Listado!$B:$B,0)),"")} | D4: {=IFERROR(INDEX(Listado!$D:$D,MATCH($B4,Listado!$B:$B,0)),"")} -> Diag. Cobo 840 | E4: {=IFERROR(INDEX(Listado!$E:$E,MATCH($B4,Listado!$B:$B,0)),"")} -> 5 | F4: {=IFERROR(INDEX(Listado!$F:$F,MATCH($B4,Listado!$B:$B,0)),"")} -> Alicia
A5: {=IFERROR(INDEX(Listado!$A:$A,MATCH($B5,Listado!$B:$B,0)),"")} -> Ayala Silvina | B5: 44839453 | C5: {=IFERROR(INDEX(Listado!$C:$C,MATCH($B5,Listado!$B:$B,0)),"")} | D5: {=IFERROR(INDEX(Listado!$D:$D,MATCH($B5,Listado!$B:$B,0)),"")} -> Guiraldes 1345 | E5: {=IFERROR(INDEX(Listado!$E:$E,MATCH($B5,Listado!$B:$B,0)),"")} | F5: {=IFERROR(INDEX(Listado!$F:$F,MATCH($B5,Listado!$B:$B,0)),"")} -> Laura
A6: {=IFERROR(INDEX(Listado!$A:$A,MATCH($B6,Listado!$B:$B,0)),"")} -> Jose Antonio Elola | B6: 17334862 | C6: {=IFERROR(INDEX(Listado!$C:$C,MATCH($B6,Listado!$B:$B,0)),"")} | D6: {=IFERROR(INDEX(Listado!$D:$D,MATCH($B6,Listado!$B:$B,0)),"")} -> Guiraldes 1120 | E6: {=IFERROR(INDEX(Listado!$E:$E,MATCH($B6,Listado!$B:$B,0)),"")} -> 1 | F6: {=IFERROR(INDEX(Listado!$F:$F,MATCH($B6,Listado!$B:$B,0)),"")} -> Laura
A7: {=IFERROR(INDEX(Listado!$A:$A,MATCH($B7,Listado!$B:$B,0)),"")} -> Solange Villordo | B7: 37243636 | C7: {=IFERROR(INDEX(Listado!$C:$C,MATCH($B7,Listado!$B:$B,0)),"")} | D7: {=IFERROR(INDEX(Listado!$D:$D,MATCH($B7,Listado!$B:$B,0)),"")} -> Castelli 556 | E7: {=IFERROR(INDEX(Listado!$E:$E,MATCH($B7,Listado!$B:$B,0)),"")} | F7: {=IFERROR(INDEX(Listado!$F:$F,MATCH($B7,Listado!$B:$B,0)),"")} -> Luciana
A8: {=IFERROR(INDEX(Listado!$A:$A,MATCH($B8,Listado!$B:$B,0)),"")} -> Vanesa Guillermina Rearte | B8: 36109672 | C8: {=IFERROR(INDEX(Listado!$C:$C,MATCH($B8,Listado!$B:$B,0)),"")} -> 2257-404340 | D8: {=IFERROR(INDEX(Listado!$D:$D,MATCH($B8,Listado!$B:$B,0)),"")} -> Belgrano 1660 | E8: {=IFERROR(INDEX(Listado!$E:$E,MATCH($B8,Listado!$B:$B,0)),"")} -> 5 | F8: {=IFERROR(INDEX(Listado!$F:$F,MATCH($B8,Listado!$B:$B,0)),"")} -> Victoria
A9: {=IFERROR(INDEX(Listado!$A:$A,MATCH($B9,Listado!$B:$B,0)),"")} -> Yessica Marcela Marie | B9: 36953674 | C9: {=IFERROR(INDEX(Listado!$C:$C,MATCH($B9,Listado!$B:$B,0)),"")} -> 2257-547854 | D9: {=IFERROR(INDEX(Listado!$D:$D,MATCH($B9,Listado!$B:$B,0)),"")} -> Cramer 173 | E9: {=IFERROR(INDEX(Listado!$E:$E,MATCH($B9,Listado!$B:$B,0)),"")} -> 4 | F9: {=IFERROR(INDEX(Listado!$F:$F,MATCH($B9,Listado!$B:$B,0)),"")} -> Victoria
A10: {=IFERROR(INDEX(Listado!$A:$A,MATCH($B10,Listado!$B:$B,0)),"")} -> Graciela Silvia Rossano | B10: 14977811 | C10: {=IFERROR(INDEX(Listado!$C:$C,MATCH($B10,Listado!$B:$B,0)),"")} -> 2257-636856 | D10: {=IFERROR(INDEX(Listado!$D:$D,MATCH($B10,Listado!$B:$B,0)),"")} -> La Margarita 163 | E10: {=IFERROR(INDEX(Listado!$E:$E,MATCH($B10,Listado!$B:$B,0)),"")} -> 3 | F10: {=IFERROR(INDEX(Listado!$F:$F,MATCH($B10,Listado!$B:$B,0)),"")} -> Victoria
A11: {=IFERROR(INDEX(Listado!$A:$A,MATCH($B11,Listado!$B:$B,0)),"")} -> Maria Cristina Vivardo | B11: 18675269 | C11: {=IFERROR(INDEX(Listado!$C:$C,MATCH($B11,Listado!$B:$B,0)),"")} -> 2257-666044 | D11: {=IFERROR(INDEX(Listado!$D:$D,MATCH($B11,Listado!$B:$B,0)),"")} -> Libres del Sur 640 | E11: {=IFERROR(INDEX(Listado!$E:$E,MATCH($B11,Listado!$B:$B,0)),"")} -> 3 | F11: {=IFERROR(INDEX(Listado!$F:$F,MATCH($B11,Listado!$B:$B,0)),"")} -> Victoria
A12: {=IFERROR(INDEX(Listado!$A:$A,MATCH($B12,Listado!$B:$B,0)),"")} -> Daniela Daiana Nuñez | B12: 18877218 | C12: {=IFERROR(INDEX(Listado!$C:$C,MATCH($B12,Listado!$B:$B,0)),"")} -> 2257-621763 | D12: {=IFERROR(INDEX(Listado!$D:$D,MATCH($B12,Listado!$B:$B,0)),"")} -> Montevideo 1650 | E12: {=IFERROR(INDEX(Listado!$E:$E,MATCH($B12,Listado!$B:$B,0)),"")} -> 3 | F12: {=IFERROR(INDEX(Listado!$F:$F,MATCH($B12,Listado!$B:$B,0)),"")} -> Victoria
A13: {=IFERROR(INDEX(Listado!$A:$A,MATCH($B13,Listado!$B:$B,0)),"")} -> Rocio Magali Ramirez | B13: 42343596 | C13: {=IFERROR(INDEX(Listado!$C:$C,MATCH($B13,Listado!$B:$B,0)),"")} -> 2257-505262 | D13: {=IFERROR(INDEX(Listado!$D:$D,MATCH($B13,Listado!$B:$B,0)),"")} -> Olivieri 1189 | E13: {=IFERROR(INDEX(Listado!$E:$E,MATCH($B13,Listado!$B:$B,0)),"")} -> 5 | F13: {=IFERROR(INDEX(Listado!$F:$F,MATCH($B13,Listado!$B:$B,0)),"")} -> Victoria
... A44: {=IFERROR(INDEX(Listado!$A:$A,MATCH($B44,Listado!$B:$B,0)),"")} -> Agustin Caceres | B44: 37537405 | C44: {=IFERROR(INDEX(Listado!$C:$C,MATCH($B44,Listado!$B:$B,0)),"")} -> 2257-667647 | D44: {=IFERROR(INDEX(Listado!$D:$D,MATCH($B44,Listado!$B:$B,0)),"")} -> Libres del Sur 640 | E44: {=IFERROR(INDEX(Listado!$E:$E,MATCH($B44,Listado!$B:$B,0)),"")} -> 2 | F44: {=IFERROR(INDEX(Listado!$F:$F,MATCH($B44,Listado!$B:$B,0)),"")} -> Victoria
A45: Enzo Caceres | C45: {=IFERROR(INDEX(Listado!$C:$C,MATCH($B45,Listado!$B:$B,0)),"")} | D45: {=IFERROR(INDEX(Listado!$D:$D,MATCH($B45,Listado!$B:$B,0)),"")} | E45: {=IFERROR(INDEX(Listado!$E:$E,MATCH($B45,Listado!$B:$B,0)),"")} | F45: Victoria
A46: {=IFERROR(INDEX(Listado!$A:$A,MATCH($B46,Listado!$B:$B,0)),"")} -> Marcia Melisa Zurita | B46: 39486344 | C46: {=IFERROR(INDEX(Listado!$C:$C,MATCH($B46,Listado!$B:$B,0)),"")} -> 2257-405998 | D46: {=IFERROR(INDEX(Listado!$D:$D,MATCH($B46,Listado!$B:$B,0)),"")} -> Libres del Sur 1441 | E46: {=IFERROR(INDEX(Listado!$E:$E,MATCH($B46,Listado!$B:$B,0)),"")} -> 4 | F46: {=IFERROR(INDEX(Listado!$F:$F,MATCH($B46,Listado!$B:$B,0)),"")} -> Victoria
A47: {=IFERROR(INDEX(Listado!$A:$A,MATCH($B47,Listado!$B:$B,0)),"")} -> Zurita Malena | B47: 44788732 | C47: {=IFERROR(INDEX(Listado!$C:$C,MATCH($B47,Listado!$B:$B,0)),"")} -> 11-58393718 | D47: {=IFERROR(INDEX(Listado!$D:$D,MATCH($B47,Listado!$B:$B,0)),"")} -> La Argentina y Rawson | E47: {=IFERROR(INDEX(Listado!$E:$E,MATCH($B47,Listado!$B:$B,0)),"")} -> 4 | F47: {=IFERROR(INDEX(Listado!$F:$F,MATCH($B47,Listado!$B:$B,0)),"")} -> Victoria
A48: {=IFERROR(INDEX(Listado!$A:$A,MATCH($B48,Listado!$B:$B,0)),"")} -> Rincon Vanina | B48: 23477368 | C48: {=IFERROR(INDEX(Listado!$C:$C,MATCH($B48,Listado!$B:$B,0)),"")} -> 11-58393718 | D48: {=IFERROR(INDEX(Listado!$D:$D,MATCH($B48,Listado!$B:$B,0)),"")} -> Libres del Sur 1441 | E48: {=IFERROR(INDEX(Listado!$E:$E,MATCH($B48,Listado!$B:$B,0)),"")} -> 2 | F48: {=IFERROR(INDEX(Listado!$F:$F,MATCH($B48,Listado!$B:$B,0)),"")} -> Victoria
A49: {=IFERROR(INDEX(Listado!$A:$A,MATCH($B49,Listado!$B:$B,0)),"")} -> Maribel Garcia Hinojosa | B49: 95119965 | C49: {=IFERROR(INDEX(Listado!$C:$C,MATCH($B49,Listado!$B:$B,0)),"")} -> 2257-445488 | D49: {=IFERROR(INDEX(Listado!$D:$D,MATCH($B49,Listado!$B:$B,0)),"")} -> Calvetti 2020 | E49: {=IFERROR(INDEX(Listado!$E:$E,MATCH($B49,Listado!$B:$B,0)),"")} -> 3 | F49: {=IFERROR(INDEX(Listado!$F:$F,MATCH($B49,Listado!$B:$B,0)),"")} -> Victoria
A50: {=IFERROR(INDEX(Listado!$A:$A,MATCH($B50,Listado!$B:$B,0)),"")} -> Maria Soledad Impala | B50: 16345755 | C50: {=IFERROR(INDEX(Listado!$C:$C,MATCH($B50,Listado!$B:$B,0)),"")} -> - | D50: {=IFERROR(INDEX(Listado!$D:$D,MATCH($B50,Listado!$B:$B,0)),"")} -> Quinteros 1017 | E50: {=IFERROR(INDEX(Listado!$E:$E,MATCH($B50,Listado!$B:$B,0)),"")} -> 2 | F50: {=IFERROR(INDEX(Listado!$F:$F,MATCH($B50,Listado!$B:$B,0)),"")} -> Laura
A51: {=IFERROR(INDEX(Listado!$A:$A,MATCH($B51,Listado!$B:$B,0)),"")} -> Soledad Mener | B51: 34458572 | C51: {=IFERROR(INDEX(Listado!$C:$C,MATCH($B51,Listado!$B:$B,0)),"")} -> 2257-404180 | D51: {=IFERROR(INDEX(Listado!$D:$D,MATCH($B51,Listado!$B:$B,0)),"")} -> Torino 820 | E51: {=IFERROR(INDEX(Listado!$E:$E,MATCH($B51,Listado!$B:$B,0)),"")} -> 4 | F51: {=IFERROR(INDEX(Listado!$F:$F,MATCH($B51,Listado!$B:$B,0)),"")} -> Luciana
A52: {=IFERROR(INDEX(Listado!$A:$A,MATCH($B52,Listado!$B:$B,0)),"")} -> Angela Olmedo | B52: 30294101 | C52: {=IFERROR(INDEX(Listado!$C:$C,MATCH($B52,Listado!$B:$B,0)),"")} | D52: {=IFERROR(INDEX(Listado!$D:$D,MATCH($B52,Listado!$B:$B,0)),"")} -> Guiraldes 1342 | E52: {=IFERROR(INDEX(Listado!$E:$E,MATCH($B52,Listado!$B:$B,0)),"")} | F52: {=IFERROR(INDEX(Listado!$F:$F,MATCH($B52,Listado!$B:$B,0)),"")} -> Laura
A53: {=IFERROR(INDEX(Listado!$A:$A,MATCH($B53,Listado!$B:$B,0)),"")} -> Omar Balmaceda | B53: 17050472 | C53: {=IFERROR(INDEX(Listado!$C:$C,MATCH($B53,Listado!$B:$B,0)),"")} | D53: {=IFERROR(INDEX(Listado!$D:$D,MATCH($B53,Listado!$B:$B,0)),"")} -> Calvetti 1589 | E53: {=IFERROR(INDEX(Listado!$E:$E,MATCH($B53,Listado!$B:$B,0)),"")} -> 1 | F53: {=IFERROR(INDEX(Listado!$F:$F,MATCH($B53,Listado!$B:$B,0)),"")} -> Laura
A54: {=IFERROR(INDEX(Listado!$A:$A,MATCH($B54,Listado!$B:$B,0)),"")} -> Hector Martin Balmaceda | B54: 37537744 | C54: {=IFERROR(INDEX(Listado!$C:$C,MATCH($B54,Listado!$B:$B,0)),"")} -> 2257-542576 | D54: {=IFERROR(INDEX(Listado!$D:$D,MATCH($B54,Listado!$B:$B,0)),"")} -> Calvetti y Lobo de Mar (Casa 9) | E54: {=IFERROR(INDEX(Listado!$E:$E,MATCH($B54,Listado!$B:$B,0)),"")} -> 2 | F54: {=IFERROR(INDEX(Listado!$F:$F,MATCH($B54,Listado!$B:$B,0)),"")} -> Alicia
A55: Rocio Ruiz | C55: 2257-549353 | D55: Lobo de Mar 960 | E55: 3 | F55: Laura
A56: {=IFERROR(INDEX(Listado!$A:$A,MATCH($B56,Listado!$B:$B,0)),"")} -> Carlos Maximiliano Trullenque | B56: 19084601 | C56: {=IFERROR(INDEX(Listado!$C:$C,MATCH($B56,Listado!$B:$B,0)),"")} | D56: {=IFERROR(INDEX(Listado!$D:$D,MATCH($B56,Listado!$B:$B,0)),"")} | E56: {=IFERROR(INDEX(Listado!$E:$E,MATCH($B56,Listado!$B:$B,0)),"")} -> 3 | F56: {=IFERROR(INDEX(Listado!$F:$F,MATCH($B56,Listado!$B:$B,0)),"")} -> Laura
A57: Lopez Elizabeth | B57: 22513419 | C57: {=IFERROR(INDEX(Listado!$C:$C,MATCH($B57,Listado!$B:$B,0)),"")} | D57: {=IFERROR(INDEX(Listado!$D:$D,MATCH($B57,Listado!$B:$B,0)),"")} | E57: {=IFERROR(INDEX(Listado!$E:$E,MATCH($B57,Listado!$B:$B,0)),"")} | F57: Laura
A58: {=IFERROR(INDEX(Listado!$A:$A,MATCH($B58,Listado!$B:$B,0)),"")} -> Norma Beatriz Pacheco | B58: 34737811 | C58: {=IFERROR(INDEX(Listado!$C:$C,MATCH($B58,Listado!$B:$B,0)),"")} -> 2257-403865 | D58: {=IFERROR(INDEX(Listado!$D:$D,MATCH($B58,Listado!$B:$B,0)),"")} -> Diagonal correa morales 461 | E58: {=IFERROR(INDEX(Listado!$E:$E,MATCH($B58,Listado!$B:$B,0)),"")} -> 2 | F58: {=IFERROR(INDEX(Listado!$F:$F,MATCH($B58,Listado!$B:$B,0)),"")} -> Laura
A59: {=IFERROR(INDEX(Listado!$A:$A,MATCH($B59,Listado!$B:$B,0)),"")} -> Noelia Susana Bustamante | B59: 31741983 | C59: {=IFERROR(INDEX(Listado!$C:$C,MATCH($B59,Listado!$B:$B,0)),"")} -> 011-51747824 | D59: {=IFERROR(INDEX(Listado!$D:$D,MATCH($B59,Listado!$B:$B,0)),"")} -> Quinteros 170 | E59: {=IFERROR(INDEX(Listado!$E:$E,MATCH($B59,Listado!$B:$B,0)),"")} -> 4 | F59: {=IFERROR(INDEX(Listado!$F:$F,MATCH($B59,Listado!$B:$B,0)),"")} -> Laura
A60: {=IFERROR(INDEX(Listado!$A:$A,MATCH($B60,Listado!$B:$B,0)),"")} -> Paula Ayelen Mezza | B60: 34503540 | C60: {=IFERROR(INDEX(Listado!$C:$C,MATCH($B60,Listado!$B:$B,0)),"")} -> 011-65325987 | D60: {=IFERROR(INDEX(Listado!$D:$D,MATCH($B60,Listado!$B:$B,0)),"")} -> Caseros Esquina Drago y Libertador | E60: {=IFERROR(INDEX(Listado!$E:$E,MATCH($B60,Listado!$B:$B,0)),"")} -> 2 | F60: {=IFERROR(INDEX(Listado!$F:$F,MATCH($B60,Listado!$B:$B,0)),"")} -> Victoria
A61: {=IFERROR(INDEX(Listado!$A:$A,MATCH($B61,Listado!$B:$B,0)),"")} -> Hortencia Galvan | B61: 12735647 | C61: {=IFERROR(INDEX(Listado!$C:$C,MATCH($B61,Listado!$B:$B,0)),"")} | D61: {=IFERROR(INDEX(Listado!$D:$D,MATCH($B61,Listado!$B:$B,0)),"")} -> Libres del Sur 1468 | E61: {=IFERROR(INDEX(Listado!$E:$E,MATCH($B61,Listado!$B:$B,0)),"")} | F61: {=IFERROR(INDEX(Listado!$F:$F,MATCH($B61,Listado!$B:$B,0)),"")} -> Laura
A62: {=IFERROR(INDEX(Listado!$A:$A,MATCH($B62,Listado!$B:$B,0)),"")} -> Fabian Gomez | B62: 24574010 | C62: {=IFERROR(INDEX(Listado!$C:$C,MATCH($B62,Listado!$B:$B,0)),"")} -> 011-28328288 | D62: {=IFERROR(INDEX(Listado!$D:$D,MATCH($B62,Listado!$B:$B,0)),"")} -> Guiraldes 1342 | E62: {=IFERROR(INDEX(Listado!$E:$E,MATCH($B62,Listado!$B:$B,0)),"")} -> 5 | F62: {=IFERROR(INDEX(Listado!$F:$F,MATCH($B62,Listado!$B:$B,0)),"")} -> Laura
A63: {=IFERROR(INDEX(Listado!$A:$A,MATCH($B63,Listado!$B:$B,0)),"")} -> Farrase Maria Regina | B63: 30146471 | C63: {=IFERROR(INDEX(Listado!$C:$C,MATCH($B63,Listado!$B:$B,0)),"")} -> 2257-669344 | D63: {=IFERROR(INDEX(Listado!$D:$D,MATCH($B63,Listado!$B:$B,0)),"")} | E63: {=IFERROR(INDEX(Listado!$E:$E,MATCH($B63,Listado!$B:$B,0)),"")} -> 2 | F63: {=IFERROR(INDEX(Listado!$F:$F,MATCH($B63,Listado!$B:$B,0)),"")} -> Laura
A64: {=IFERROR(INDEX(Listado!$A:$A,MATCH($B64,Listado!$B:$B,0)),"")} -> Ramon Aranda | B64: 5319601 | C64: {=IFERROR(INDEX(Listado!$C:$C,MATCH($B64,Listado!$B:$B,0)),"")} | D64: {=IFERROR(INDEX(Listado!$D:$D,MATCH($B64,Listado!$B:$B,0)),"")} -> Olmos 290 | E64: {=IFERROR(INDEX(Listado!$E:$E,MATCH($B64,Listado!$B:$B,0)),"")} -> 2 | F64: {=IFERROR(INDEX(Listado!$F:$F,MATCH($B64,Listado!$B:$B,0)),"")} -> Alicia
A65: {=IFERROR(INDEX(Listado!$A:$A,MATCH($B65,Listado!$B:$B,0)),"")} -> Guzman Elda Beatriz | B65: 11730341 | C65: {=IFERROR(INDEX(Listado!$C:$C,MATCH($B65,Listado!$B:$B,0)),"")} -> - | D65: {=IFERROR(INDEX(Listado!$D:$D,MATCH($B65,Listado!$B:$B,0)),"")} -> Olmos 290 | E65: {=IFERROR(INDEX(Listado!$E:$E,MATCH($B65,Listado!$B:$B,0)),"")} -> 1 | F65: {=IFERROR(INDEX(Listado!$F:$F,MATCH($B65,Listado!$B:$B,0)),"")} -> Alicia
A66: {=IFERROR(INDEX(Listado!$A:$A,MATCH($B66,Listado!$B:$B,0)),"")} -> Alicia Noemi Morel | B66: 27739220 | C66: {=IFERROR(INDEX(Listado!$C:$C,MATCH($B66,Listado!$B:$B,0)),"")} -> 11-73632680 | D66: {=IFERROR(INDEX(Listado!$D:$D,MATCH($B66,Listado!$B:$B,0)),"")} -> Julio Campo 150 | E66: {=IFERROR(INDEX(Listado!$E:$E,MATCH($B66,Listado!$B:$B,0)),"")} -> 1 | F66: {=IFERROR(INDEX(Listado!$F:$F,MATCH($B66,Listado!$B:$B,0)),"")} -> Alicia
A67: {=IFERROR(INDEX(Listado!$A:$A,MATCH($B67,Listado!$B:$B,0)),"")} -> Eva Martina Casco | B67: 10637796 | C67: {=IFERROR(INDEX(Listado!$C:$C,MATCH($B67,Listado!$B:$B,0)),"")} -> 2257-503835 | D67: {=IFERROR(INDEX(Listado!$D:$D,MATCH($B67,Listado!$B:$B,0)),"")} -> Montevideo 411 | E67: {=IFERROR(INDEX(Listado!$E:$E,MATCH($B67,Listado!$B:$B,0)),"")} -> 2 | F67: {=IFERROR(INDEX(Listado!$F:$F,MATCH($B67,Listado!$B:$B,0)),"")} -> Alicia
A68: {=IFERROR(INDEX(Listado!$A:$A,MATCH($B68,Listado!$B:$B,0)),"")} -> Juan Ramon Podazza | B68: 17067721 | C68: {=IFERROR(INDEX(Listado!$C:$C,MATCH($B68,Listado!$B:$B,0)),"")} -> 2257-524437 | D68: {=IFERROR(INDEX(Listado!$D:$D,MATCH($B68,Listado!$B:$B,0)),"")} -> Espora 2348 | E68: {=IFERROR(INDEX(Listado!$E:$E,MATCH($B68,Listado!$B:$B,0)),"")} -> 4 | F68: {=IFERROR(INDEX(Listado!$F:$F,MATCH($B68,Listado!$B:$B,0)),"")} -> Alicia
A69: {=IFERROR(INDEX(Listado!$A:$A,MATCH($B69,Listado!$B:$B,0)),"")} -> Cristina Yamila Gomez | B69: 37198780 | C69: {=IFERROR(INDEX(Listado!$C:$C,MATCH($B69,Listado!$B:$B,0)),"")} -> 011-53194731 | D69: {=IFERROR(INDEX(Listado!$D:$D,MATCH($B69,Listado!$B:$B,0)),"")} -> Lobo de Mar 905 | E69: {=IFERROR(INDEX(Listado!$E:$E,MATCH($B69,Listado!$B:$B,0)),"")} -> 3 | F69: {=IFERROR(INDEX(Listado!$F:$F,MATCH($B69,Listado!$B:$B,0)),"")} -> Alicia
... A155: {=IFERROR(INDEX(Listado!$A:$A,MATCH($B155,Listado!$B:$B,0)),"")} -> Maria Cristina Figueredo | B155: 94340125 | C155: {=IFERROR(INDEX(Listado!$C:$C,MATCH($B155,Listado!$B:$B,0)),"")} -> 2257-615619 | D155: {=IFERROR(INDEX(Listado!$D:$D,MATCH($B155,Listado!$B:$B,0)),"")} -> Marano 573 | E155: {=IFERROR(INDEX(Listado!$E:$E,MATCH($B155,Listado!$B:$B,0)),"")} -> 2 | F155: {=IFERROR(INDEX(Listado!$F:$F,MATCH($B155,Listado!$B:$B,0)),"")} -> Luciana
A156: Ludueña Claudia | B156: 34138547 | C156: {=IFERROR(INDEX(Listado!$C:$C,MATCH($B156,Listado!$B:$B,0)),"")} | D156: {=IFERROR(INDEX(Listado!$D:$D,MATCH($B156,Listado!$B:$B,0)),"")} | E156: {=IFERROR(INDEX(Listado!$E:$E,MATCH($B156,Listado!$B:$B,0)),"")} | F156: {=IFERROR(INDEX(Listado!$F:$F,MATCH($B156,Listado!$B:$B,0)),"")} -> Luciana
A157: {=IFERROR(INDEX(Listado!$A:$A,MATCH($B157,Listado!$B:$B,0)),"")} -> Rocio Velozo | B157: 40236545 | C157: {=IFERROR(INDEX(Listado!$C:$C,MATCH($B157,Listado!$B:$B,0)),"")} -> 2257-557113 | D157: {=IFERROR(INDEX(Listado!$D:$D,MATCH($B157,Listado!$B:$B,0)),"")} -> Olmos 745 | E157: {=IFERROR(INDEX(Listado!$E:$E,MATCH($B157,Listado!$B:$B,0)),"")} -> 2 | F157: {=IFERROR(INDEX(Listado!$F:$F,MATCH($B157,Listado!$B:$B,0)),"")} -> Silvia
A158: {=IFERROR(INDEX(Listado!$A:$A,MATCH($B158,Listado!$B:$B,0)),"")} -> Sofia Velozo | B158: 42463895 | C158: {=IFERROR(INDEX(Listado!$C:$C,MATCH($B158,Listado!$B:$B,0)),"")} -> 2257-407026 | D158: {=IFERROR(INDEX(Listado!$D:$D,MATCH($B158,Listado!$B:$B,0)),"")} -> Olmos 746 | E158: {=IFERROR(INDEX(Listado!$E:$E,MATCH($B158,Listado!$B:$B,0)),"")} -> 3 | F158: {=IFERROR(INDEX(Listado!$F:$F,MATCH($B158,Listado!$B:$B,0)),"")} -> Silvia
A159: {=IFERROR(INDEX(Listado!$A:$A,MATCH($B159,Listado!$B:$B,0)),"")} -> Evelyn Natalia Vizcarra | B159: 37906811 | C159: {=IFERROR(INDEX(Listado!$C:$C,MATCH($B159,Listado!$B:$B,0)),"")} -> 2257-638568 | D159: {=IFERROR(INDEX(Listado!$D:$D,MATCH($B159,Listado!$B:$B,0)),"")} -> La Margarita 755 | E159: {=IFERROR(INDEX(Listado!$E:$E,MATCH($B159,Listado!$B:$B,0)),"")} -> 3 | F159: {=IFERROR(INDEX(Listado!$F:$F,MATCH($B159,Listado!$B:$B,0)),"")} -> Silvia
A160: {=IFERROR(INDEX(Listado!$A:$A,MATCH($B160,Listado!$B:$B,0)),"")} -> Justina Arias | B160: 46354184 | C160: {=IFERROR(INDEX(Listado!$C:$C,MATCH($B160,Listado!$B:$B,0)),"")} -> 2257-534900 | D160: {=IFERROR(INDEX(Listado!$D:$D,MATCH($B160,Listado!$B:$B,0)),"")} -> El Ancla y Calvetti | E160: {=IFERROR(INDEX(Listado!$E:$E,MATCH($B160,Listado!$B:$B,0)),"")} -> 2 | F160: {=IFERROR(INDEX(Listado!$F:$F,MATCH($B160,Listado!$B:$B,0)),"")} -> Silvia
A161: {=IFERROR(INDEX(Listado!$A:$A,MATCH($B161,Listado!$B:$B,0)),"")} -> Monica Adriana Peraita | B161: 17824766 | C161: {=IFERROR(INDEX(Listado!$C:$C,MATCH($B161,Listado!$B:$B,0)),"")} -> 011-32859230 | D161: {=IFERROR(INDEX(Listado!$D:$D,MATCH($B161,Listado!$B:$B,0)),"")} -> Espora 287 | E161: {=IFERROR(INDEX(Listado!$E:$E,MATCH($B161,Listado!$B:$B,0)),"")} -> 1 | F161: {=IFERROR(INDEX(Listado!$F:$F,MATCH($B161,Listado!$B:$B,0)),"")} -> Silvia
A162: {=IFERROR(INDEX(Listado!$A:$A,MATCH($B162,Listado!$B:$B,0)),"")} -> Norma Macias | B162: 21976459 | C162: {=IFERROR(INDEX(Listado!$C:$C,MATCH($B162,Listado!$B:$B,0)),"")} -> 011-24603441 | D162: {=IFERROR(INDEX(Listado!$D:$D,MATCH($B162,Listado!$B:$B,0)),"")} -> Libres del Sur 308 | E162: {=IFERROR(INDEX(Listado!$E:$E,MATCH($B162,Listado!$B:$B,0)),"")} -> 2 | F162: {=IFERROR(INDEX(Listado!$F:$F,MATCH($B162,Listado!$B:$B,0)),"")} -> Angeles
A163: {=IFERROR(INDEX(Listado!$A:$A,MATCH($B163,Listado!$B:$B,0)),"")} -> Leandra Marcela Vargas | B163: 18382017 | C163: {=IFERROR(INDEX(Listado!$C:$C,MATCH($B163,Listado!$B:$B,0)),"")} -> 2257-400147 | D163: {=IFERROR(INDEX(Listado!$D:$D,MATCH($B163,Listado!$B:$B,0)),"")} -> Olmos 480 | E163: {=IFERROR(INDEX(Listado!$E:$E,MATCH($B163,Listado!$B:$B,0)),"")} -> 2 | F163: {=IFERROR(INDEX(Listado!$F:$F,MATCH($B163,Listado!$B:$B,0)),"")} -> Silvia
A164: {=IFERROR(INDEX(Listado!$A:$A,MATCH($B164,Listado!$B:$B,0)),"")} -> Mabel Alejandra Galarza | B164: 20599296 | C164: {=IFERROR(INDEX(Listado!$C:$C,MATCH($B164,Listado!$B:$B,0)),"")} -> 2257-502908 | D164: {=IFERROR(INDEX(Listado!$D:$D,MATCH($B164,Listado!$B:$B,0)),"")} -> El Ancla 964 | E164: {=IFERROR(INDEX(Listado!$E:$E,MATCH($B164,Listado!$B:$B,0)),"")} -> 1 | F164: {=IFERROR(INDEX(Listado!$F:$F,MATCH($B164,Listado!$B:$B,0)),"")} -> Silvia
A165: {=IFERROR(INDEX(Listado!$A:$A,MATCH($B165,Listado!$B:$B,0)),"")} -> Tatiana Elizabeth Galarza | B165: 40346136 | C165: {=IFERROR(INDEX(Listado!$C:$C,MATCH($B165,Listado!$B:$B,0)),"")} -> 2257-405019 | D165: {=IFERROR(INDEX(Listado!$D:$D,MATCH($B165,Listado!$B:$B,0)),"")} -> El Ancla 962 | E165: {=IFERROR(INDEX(Listado!$E:$E,MATCH($B165,Listado!$B:$B,0)),"")} -> 4 | F165: {=IFERROR(INDEX(Listado!$F:$F,MATCH($B165,Listado!$B:$B,0)),"")} -> Silvia
A166: {=IFERROR(INDEX(Listado!$A:$A,MATCH($B166,Listado!$B:$B,0)),"")} -> Isabel Sobrado | B166: 12234914 | C166: {=IFERROR(INDEX(Listado!$C:$C,MATCH($B166,Listado!$B:$B,0)),"")} -> 011-55030476 | D166: {=IFERROR(INDEX(Listado!$D:$D,MATCH($B166,Listado!$B:$B,0)),"")} -> Moreno 530 | E166: {=IFERROR(INDEX(Listado!$E:$E,MATCH($B166,Listado!$B:$B,0)),"")} -> 1 | F166: {=IFERROR(INDEX(Listado!$F:$F,MATCH($B166,Listado!$B:$B,0)),"")} -> Silvia
A167: {=IFERROR(INDEX(Listado!$A:$A,MATCH($B167,Listado!$B:$B,0)),"")} -> Osvalda Barria | B167: 5436835 | C167: {=IFERROR(INDEX(Listado!$C:$C,MATCH($B167,Listado!$B:$B,0)),"")} -> 2257-508511 | D167: {=IFERROR(INDEX(Listado!$D:$D,MATCH($B167,Listado!$B:$B,0)),"")} -> La Margarita 803 | E167: {=IFERROR(INDEX(Listado!$E:$E,MATCH($B167,Listado!$B:$B,0)),"")} -> 1 | F167: {=IFERROR(INDEX(Listado!$F:$F,MATCH($B167,Listado!$B:$B,0)),"")} -> Silvia
A168: {=IFERROR(INDEX(Listado!$A:$A,MATCH($B168,Listado!$B:$B,0)),"")} -> Lorenzo Javier Suarez | B168: 26706197 | C168: {=IFERROR(INDEX(Listado!$C:$C,MATCH($B168,Listado!$B:$B,0)),"")} -> 2257-652210 | D168: {=IFERROR(INDEX(Listado!$D:$D,MATCH($B168,Listado!$B:$B,0)),"")} -> Azopardo 1546 | E168: {=IFERROR(INDEX(Listado!$E:$E,MATCH($B168,Listado!$B:$B,0)),"")} -> 1 | F168: {=IFERROR(INDEX(Listado!$F:$F,MATCH($B168,Listado!$B:$B,0)),"")} -> Silvia
... A279: {=IFERROR(INDEX(Listado!$A:$A,MATCH($B279,Listado!$B:$B,0)),"")} -> Fleitas Noemi | B279: 23388621 | C279: {=IFERROR(INDEX(Listado!$C:$C,MATCH($B279,Listado!$B:$B,0)),"")} | D279: {=IFERROR(INDEX(Listado!$D:$D,MATCH($B279,Listado!$B:$B,0)),"")} -> La Rioja 5366 | E279: {=IFERROR(INDEX(Listado!$E:$E,MATCH($B279,Listado!$B:$B,0)),"")} | F279: {=IFERROR(INDEX(Listado!$F:$F,MATCH($B279,Listado!$B:$B,0)),"")} -> Anto
A280: Meccia Sergio | B280: 16625957 | C280: {=IFERROR(INDEX(Listado!$C:$C,MATCH($B280,Listado!$B:$B,0)),"")} | D280: {=IFERROR(INDEX(Listado!$D:$D,MATCH($B280,Listado!$B:$B,0)),"")} | E280: 4 | F280: Romina
A281: {=IFERROR(INDEX(Listado!$A:$A,MATCH($B281,Listado!$B:$B,0)),"")} -> Ruben Abel Meccia | B281: 5307639 | C281: {=IFERROR(INDEX(Listado!$C:$C,MATCH($B281,Listado!$B:$B,0)),"")} -> 2257-523162 | D281: {=IFERROR(INDEX(Listado!$D:$D,MATCH($B281,Listado!$B:$B,0)),"")} -> Dolores 620 | E281: {=IFERROR(INDEX(Listado!$E:$E,MATCH($B281,Listado!$B:$B,0)),"")} -> 1 | F281: {=IFERROR(INDEX(Listado!$F:$F,MATCH($B281,Listado!$B:$B,0)),"")} -> Romina
A282: {=IFERROR(INDEX(Listado!$A:$A,MATCH($B282,Listado!$B:$B,0)),"")} -> Laura Andrea Troncoso | B282: 31885659 | C282: {=IFERROR(INDEX(Listado!$C:$C,MATCH($B282,Listado!$B:$B,0)),"")} -> 2257-761587 | D282: {=IFERROR(INDEX(Listado!$D:$D,MATCH($B282,Listado!$B:$B,0)),"")} -> Marejada y Montevideo | E282: {=IFERROR(INDEX(Listado!$E:$E,MATCH($B282,Listado!$B:$B,0)),"")} -> 5 | F282: {=IFERROR(INDEX(Listado!$F:$F,MATCH($B282,Listado!$B:$B,0)),"")} -> Romina
A283: {=IFERROR(INDEX(Listado!$A:$A,MATCH($B283,Listado!$B:$B,0)),"")} -> Adriadna Eileen Morales | B283: 43906570 | C283: {=IFERROR(INDEX(Listado!$C:$C,MATCH($B283,Listado!$B:$B,0)),"")} -> 2257-406304 | D283: {=IFERROR(INDEX(Listado!$D:$D,MATCH($B283,Listado!$B:$B,0)),"")} -> La marejada y Montevideo | E283: {=IFERROR(INDEX(Listado!$E:$E,MATCH($B283,Listado!$B:$B,0)),"")} -> 2 | F283: {=IFERROR(INDEX(Listado!$F:$F,MATCH($B283,Listado!$B:$B,0)),"")} -> Romina
A284: {=IFERROR(INDEX(Listado!$A:$A,MATCH($B284,Listado!$B:$B,0)),"")} -> Margot Aurora Rodriguez | B284: 13186317 | C284: {=IFERROR(INDEX(Listado!$C:$C,MATCH($B284,Listado!$B:$B,0)),"")} -> 2257-520785 | D284: {=IFERROR(INDEX(Listado!$D:$D,MATCH($B284,Listado!$B:$B,0)),"")} -> Espora 1055 | E284: {=IFERROR(INDEX(Listado!$E:$E,MATCH($B284,Listado!$B:$B,0)),"")} -> 1 | F284: {=IFERROR(INDEX(Listado!$F:$F,MATCH($B284,Listado!$B:$B,0)),"")} -> Romina
A285: Carioga Rosa | B285: 11119588 | C285: {=IFERROR(INDEX(Listado!$C:$C,MATCH($B285,Listado!$B:$B,0)),"")} | D285: {=IFERROR(INDEX(Listado!$D:$D,MATCH($B285,Listado!$B:$B,0)),"")} | E285: 1 | F285: Romina
A286: Moneg Dora | B286: 5890534 | C286: {=IFERROR(INDEX(Listado!$C:$C,MATCH($B286,Listado!$B:$B,0)),"")} | D286: {=IFERROR(INDEX(Listado!$D:$D,MATCH($B286,Listado!$B:$B,0)),"")} | E286: 1 | F286: Romina
A287: {=IFERROR(INDEX(Listado!$A:$A,MATCH($B287,Listado!$B:$B,0)),"")} -> Patricia Isabel Gomez | B287: 22522205 | C287: {=IFERROR(INDEX(Listado!$C:$C,MATCH($B287,Listado!$B:$B,0)),"")} -> 2257-536354 | D287: {=IFERROR(INDEX(Listado!$D:$D,MATCH($B287,Listado!$B:$B,0)),"")} -> Palacio 394 | E287: {=IFERROR(INDEX(Listado!$E:$E,MATCH($B287,Listado!$B:$B,0)),"")} -> 2 | F287: {=IFERROR(INDEX(Listado!$F:$F,MATCH($B287,Listado!$B:$B,0)),"")} -> Romina
A288: {=IFERROR(INDEX(Listado!$A:$A,MATCH($B288,Listado!$B:$B,0)),"")} -> Maria Gabriela Escudero | B288: 23183078 | C288: {=IFERROR(INDEX(Listado!$C:$C,MATCH($B288,Listado!$B:$B,0)),"")} | D288: {=IFERROR(INDEX(Listado!$D:$D,MATCH($B288,Listado!$B:$B,0)),"")} -> Libres del sur 339 | E288: {=IFERROR(INDEX(Listado!$E:$E,MATCH($B288,Listado!$B:$B,0)),"")} -> 4 | F288: {=IFERROR(INDEX(Listado!$F:$F,MATCH($B288,Listado!$B:$B,0)),"")} -> Romina
A289: {=IFERROR(INDEX(Listado!$A:$A,MATCH($B289,Listado!$B:$B,0)),"")} -> Escudero Ale | B289: 22322158 | C289: {=IFERROR(INDEX(Listado!$C:$C,MATCH($B289,Listado!$B:$B,0)),"")} | D289: {=IFERROR(INDEX(Listado!$D:$D,MATCH($B289,Listado!$B:$B,0)),"")} | E289: {=IFERROR(INDEX(Listado!$E:$E,MATCH($B289,Listado!$B:$B,0)),"")} -> 2 | F289: {=IFERROR(INDEX(Listado!$F:$F,MATCH($B289,Listado!$B:$B,0)),"")} -> Romina
A290: Escudero | B290: 5325452 | C290: {=IFERROR(INDEX(Listado!$C:$C,MATCH($B290,Listado!$B:$B,0)),"")} | D290: {=IFERROR(INDEX(Listado!$D:$D,MATCH($B290,Listado!$B:$B,0)),"")} | E290: {=IFERROR(INDEX(Listado!$E:$E,MATCH($B290,Listado!$B:$B,0)),"")} | F290: Romina
A291: Sallago Rocio | B291: 27509172 | C291: {=IFERROR(INDEX(Listado!$C:$C,MATCH($B291,Listado!$B:$B,0)),"")} | D291: {=IFERROR(INDEX(Listado!$D:$D,MATCH($B291,Listado!$B:$B,0)),"")} | E291: 3 | F291: Romina
A292: Natalia Zaneti | B292: 26433917 | C292: {=IFERROR(INDEX(Listado!$C:$C,MATCH($B292,Listado!$B:$B,0)),"")} | D292: {=IFERROR(INDEX(Listado!$D:$D,MATCH($B292,Listado!$B:$B,0)),"")} | E292: 4 | F292: Romina
A293: Veliz Atilio | B293: 10293302 | C293: {=IFERROR(INDEX(Listado!$C:$C,MATCH($B293,Listado!$B:$B,0)),"")} | D293: 2257-423878 | E293: 2 | F293: Local
A294: Lucia Horeglad | B294: 4825703 | C294: {=IFERROR(INDEX(Listado!$C:$C,MATCH($B294,Listado!$B:$B,0)),"")} | D294: 2257-527242 | E294: 2 | F294: Local
A295: Amalia Ines Aquino | B295: 14688003 | C295: {=IFERROR(INDEX(Listado!$C:$C,MATCH($B295,Listado!$B:$B,0)),"")} | D295: 2257-614243 | E295: 2 | F295: Local
A296: Freire Matias | B296: 30533742 | C296: {=IFERROR(INDEX(Listado!$C:$C,MATCH($B296,Listado!$B:$B,0)),"")} | D296: 2257-411233 | E296: 3 | F296: Local
A297: David Rafailino | B297: 29139349 | C297: {=IFERROR(INDEX(Listado!$C:$C,MATCH($B297,Listado!$B:$B,0)),"")} | D297: {=IFERROR(INDEX(Listado!$D:$D,MATCH($B297,Listado!$B:$B,0)),"")} | E297: 1 | F297: Local
A298: {=IFERROR(INDEX(Listado!$A:$A,MATCH($B298,Listado!$B:$B,0)),"")} -> Maria del Carmen Sarmiento | B298: 17273143 | C298: {=IFERROR(INDEX(Listado!$C:$C,MATCH($B298,Listado!$B:$B,0)),"")} -> 2257-521955 | D298: {=IFERROR(INDEX(Listado!$D:$D,MATCH($B298,Listado!$B:$B,0)),"")} -> Blanco Encalada 2280 | E298: {=IFERROR(INDEX(Listado!$E:$E,MATCH($B298,Listado!$B:$B,0)),"")} -> 1 | F298: {=IFERROR(INDEX(Listado!$F:$F,MATCH($B298,Listado!$B:$B,0)),"")} -> Ana
A299: {=IFERROR(INDEX(Listado!$A:$A,MATCH($B299,Listado!$B:$B,0)),"")} -> Yamila Daniela Cuevas | B299: 40795111 | C299: {=IFERROR(INDEX(Listado!$C:$C,MATCH($B299,Listado!$B:$B,0)),"")} -> - | D299: {=IFERROR(INDEX(Listado!$D:$D,MATCH($B299,Listado!$B:$B,0)),"")} -> El Ancla y Yunque | E299: {=IFERROR(INDEX(Listado!$E:$E,MATCH($B299,Listado!$B:$B,0)),"")} -> 4 | F299: {=IFERROR(INDEX(Listado!$F:$F,MATCH($B299,Listado!$B:$B,0)),"")} -> Ana
A300: {=IFERROR(INDEX(Listado!$A:$A,MATCH($B300,Listado!$B:$B,0)),"")} -> Melany Fabiana Cuevas | B300: 45914708 | C300: {=IFERROR(INDEX(Listado!$C:$C,MATCH($B300,Listado!$B:$B,0)),"")} -> - | D300: {=IFERROR(INDEX(Listado!$D:$D,MATCH($B300,Listado!$B:$B,0)),"")} -> Julio Campos 1880 | E300: {=IFERROR(INDEX(Listado!$E:$E,MATCH($B300,Listado!$B:$B,0)),"")} -> 3 | F300: {=IFERROR(INDEX(Listado!$F:$F,MATCH($B300,Listado!$B:$B,0)),"")} -> Ana
A301: {=IFERROR(INDEX(Listado!$A:$A,MATCH($B301,Listado!$B:$B,0)),"")} -> Luciana Fernanda Cuevas | B301: 43305223 | C301: {=IFERROR(INDEX(Listado!$C:$C,MATCH($B301,Listado!$B:$B,0)),"")} -> - | D301: {=IFERROR(INDEX(Listado!$D:$D,MATCH($B301,Listado!$B:$B,0)),"")} -> Montevideo 2387 | E301: {=IFERROR(INDEX(Listado!$E:$E,MATCH($B301,Listado!$B:$B,0)),"")} -> 3 | F301: {=IFERROR(INDEX(Listado!$F:$F,MATCH($B301,Listado!$B:$B,0)),"")} -> Ana
A302: {=IFERROR(INDEX(Listado!$A:$A,MATCH($B302,Listado!$B:$B,0)),"")} -> Silvia Antonia Matus | B302: 11817522 | C302: {=IFERROR(INDEX(Listado!$C:$C,MATCH($B302,Listado!$B:$B,0)),"")} -> 2122943181 | D302: {=IFERROR(INDEX(Listado!$D:$D,MATCH($B302,Listado!$B:$B,0)),"")} -> Yunque 710 | E302: {=IFERROR(INDEX(Listado!$E:$E,MATCH($B302,Listado!$B:$B,0)),"")} -> 4 | F302: {=IFERROR(INDEX(Listado!$F:$F,MATCH($B302,Listado!$B:$B,0)),"")} -> Ana
A303: {=IFERROR(INDEX(Listado!$A:$A,MATCH($B303,Listado!$B:$B,0)),"")} -> Pablo Ariel Agulleiro | B303: 35634360 | C303: {=IFERROR(INDEX(Listado!$C:$C,MATCH($B303,Listado!$B:$B,0)),"")} -> 2257-532967 | D303: {=IFERROR(INDEX(Listado!$D:$D,MATCH($B303,Listado!$B:$B,0)),"")} -> Lugones 1018 | E303: {=IFERROR(INDEX(Listado!$E:$E,MATCH($B303,Listado!$B:$B,0)),"")} -> 4 | F303: {=IFERROR(INDEX(Listado!$F:$F,MATCH($B303,Listado!$B:$B,0)),"")} -> Ana
A304: {=IFERROR(INDEX(Listado!$A:$A,MATCH($B304,Listado!$B:$B,0)),"")} -> Myrian Noemi Sanchez | B304: 26370439 | C304: {=IFERROR(INDEX(Listado!$C:$C,MATCH($B304,Listado!$B:$B,0)),"")} -> 2257-534770 | D304: {=IFERROR(INDEX(Listado!$D:$D,MATCH($B304,Listado!$B:$B,0)),"")} -> El Ancla y Yunque | E304: {=IFERROR(INDEX(Listado!$E:$E,MATCH($B304,Listado!$B:$B,0)),"")} -> 4 | F304: {=IFERROR(INDEX(Listado!$F:$F,MATCH($B304,Listado!$B:$B,0)),"")} -> Ana
A305: {=IFERROR(INDEX(Listado!$A:$A,MATCH($B305,Listado!$B:$B,0)),"")} -> Erica Cristina Urueña | B305: 31135866 | C305: {=IFERROR(INDEX(Listado!$C:$C,MATCH($B305,Listado!$B:$B,0)),"")} -> 2257-700221 | D305: {=IFERROR(INDEX(Listado!$D:$D,MATCH($B305,Listado!$B:$B,0)),"")} -> Castelli 1350 | E305: {=IFERROR(INDEX(Listado!$E:$E,MATCH($B305,Listado!$B:$B,0)),"")} -> 4 | F305: {=IFERROR(INDEX(Listado!$F:$F,MATCH($B305,Listado!$B:$B,0)),"")} -> Ana
A306: {=IFERROR(INDEX(Listado!$A:$A,MATCH($B306,Listado!$B:$B,0)),"")} -> Otero Adriana | B306: 44355343 | C306: {=IFERROR(INDEX(Listado!$C:$C,MATCH($B306,Listado!$B:$B,0)),"")} | D306: {=IFERROR(INDEX(Listado!$D:$D,MATCH($B306,Listado!$B:$B,0)),"")} -> Carreras 1550 | E306: {=IFERROR(INDEX(Listado!$E:$E,MATCH($B306,Listado!$B:$B,0)),"")} | F306: {=IFERROR(INDEX(Listado!$F:$F,MATCH($B306,Listado!$B:$B,0)),"")} -> Laura
A307: {=IFERROR(INDEX(Listado!$A:$A,MATCH($B307,Listado!$B:$B,0)),"")} -> Medina Cinthia | B307: 17544838 | C307: {=IFERROR(INDEX(Listado!$C:$C,MATCH($B307,Listado!$B:$B,0)),"")} | D307: {=IFERROR(INDEX(Listado!$D:$D,MATCH($B307,Listado!$B:$B,0)),"")} | E307: {=IFERROR(INDEX(Listado!$E:$E,MATCH($B307,Listado!$B:$B,0)),"")} -> 4 | F307: {=IFERROR(INDEX(Listado!$F:$F,MATCH($B307,Listado!$B:$B,0)),"")} -> Ana
A308: Otero Carlos | B308: 30003941 | C308: {=IFERROR(INDEX(Listado!$C:$C,MATCH($B308,Listado!$B:$B,0)),"")} | D308: {=IFERROR(INDEX(Listado!$D:$D,MATCH($B308,Listado!$B:$B,0)),"")} | E308: {=IFERROR(INDEX(Listado!$E:$E,MATCH($B308,Listado!$B:$B,0)),"")} -> 4 | F308: {=IFERROR(INDEX(Listado!$F:$F,MATCH($B308,Listado!$B:$B,0)),"")} -> Ana
A309: {=IFERROR(INDEX(Listado!$A:$A,MATCH($B309,Listado!$B:$B,0)),"")} -> Maricel Alejandra Herrera | B309: 38955125 | C309: {=IFERROR(INDEX(Listado!$C:$C,MATCH($B309,Listado!$B:$B,0)),"")} -> 2257-406391 | D309: {=IFERROR(INDEX(Listado!$D:$D,MATCH($B309,Listado!$B:$B,0)),"")} -> Dolores 955 | E309: {=IFERROR(INDEX(Listado!$E:$E,MATCH($B309,Listado!$B:$B,0)),"")} -> 3 | F309: {=IFERROR(INDEX(Listado!$F:$F,MATCH($B309,Listado!$B:$B,0)),"")} -> Ana
A310: {=IFERROR(INDEX(Listado!$A:$A,MATCH($B310,Listado!$B:$B,0)),"")} -> Sanchez Laura Andrea | B310: 29568289 | C310: {=IFERROR(INDEX(Listado!$C:$C,MATCH($B310,Listado!$B:$B,0)),"")} -> 2235251717 | D310: {=IFERROR(INDEX(Listado!$D:$D,MATCH($B310,Listado!$B:$B,0)),"")} -> Ramos Mejía y Cramer 47) | E310: {=IFERROR(INDEX(Listado!$E:$E,MATCH($B310,Listado!$B:$B,0)),"")} | F310: {=IFERROR(INDEX(Listado!$F:$F,MATCH($B310,Listado!$B:$B,0)),"")} -> Ana
A311: {=IFERROR(INDEX(Listado!$A:$A,MATCH($B311,Listado!$B:$B,0)),"")} -> Sofia Ayelen Gioanini | B311: 40021642 | C311: {=IFERROR(INDEX(Listado!$C:$C,MATCH($B311,Listado!$B:$B,0)),"")} -> 2257-665095 | D311: {=IFERROR(INDEX(Listado!$D:$D,MATCH($B311,Listado!$B:$B,0)),"")} -> Palacios y Sacconi | E311: {=IFERROR(INDEX(Listado!$E:$E,MATCH($B311,Listado!$B:$B,0)),"")} -> 2 | F311: {=IFERROR(INDEX(Listado!$F:$F,MATCH($B311,Listado!$B:$B,0)),"")} -> Ana
A312: {=IFERROR(INDEX(Listado!$A:$A,MATCH($B312,Listado!$B:$B,0)),"")} -> Ana Delgado | B312: 26564917 | C312: {=IFERROR(INDEX(Listado!$C:$C,MATCH($B312,Listado!$B:$B,0)),"")} -> - | D312: {=IFERROR(INDEX(Listado!$D:$D,MATCH($B312,Listado!$B:$B,0)),"")} -> Ushuaia 1747 | E312: {=IFERROR(INDEX(Listado!$E:$E,MATCH($B312,Listado!$B:$B,0)),"")} -> 2 | F312: {=IFERROR(INDEX(Listado!$F:$F,MATCH($B312,Listado!$B:$B,0)),"")} -> Ana
A313: {=IFERROR(INDEX(Listado!$A:$A,MATCH($B313,Listado!$B:$B,0)),"")} -> Alfredo Goñi | B313: 5084858 | C313: {=IFERROR(INDEX(Listado!$C:$C,MATCH($B313,Listado!$B:$B,0)),"")} -> 2257-557455 | D313: {=IFERROR(INDEX(Listado!$D:$D,MATCH($B313,Listado!$B:$B,0)),"")} -> Espora 2359 | E313: {=IFERROR(INDEX(Listado!$E:$E,MATCH($B313,Listado!$B:$B,0)),"")} -> 2 | F313: {=IFERROR(INDEX(Listado!$F:$F,MATCH($B313,Listado!$B:$B,0)),"")} -> Ana
A314: {=IFERROR(INDEX(Listado!$A:$A,MATCH($B314,Listado!$B:$B,0)),"")} -> Stella Maris Bejaran | B314: 12386211 | C314: {=IFERROR(INDEX(Listado!$C:$C,MATCH($B314,Listado!$B:$B,0)),"")} -> - | D314: {=IFERROR(INDEX(Listado!$D:$D,MATCH($B314,Listado!$B:$B,0)),"")} -> Lebensohn 1140 | E314: {=IFERROR(INDEX(Listado!$E:$E,MATCH($B314,Listado!$B:$B,0)),"")} -> 2 | F314: {=IFERROR(INDEX(Listado!$F:$F,MATCH($B314,Listado!$B:$B,0)),"")} -> Ana
A315: {=IFERROR(INDEX(Listado!$A:$A,MATCH($B315,Listado!$B:$B,0)),"")} -> Juan Dario Barrionuevo | B315: 30680085 | C315: {=IFERROR(INDEX(Listado!$C:$C,MATCH($B315,Listado!$B:$B,0)),"")} -> - | D315: {=IFERROR(INDEX(Listado!$D:$D,MATCH($B315,Listado!$B:$B,0)),"")} -> Ascasubi 464 | E315: {=IFERROR(INDEX(Listado!$E:$E,MATCH($B315,Listado!$B:$B,0)),"")} -> 2 | F315: {=IFERROR(INDEX(Listado!$F:$F,MATCH($B315,Listado!$B:$B,0)),"")} -> Angeles
A316: {=IFERROR(INDEX(Listado!$A:$A,MATCH($B316,Listado!$B:$B,0)),"")} -> Maria de las Mercedes Flores | B316: 28488443 | C316: {=IFERROR(INDEX(Listado!$C:$C,MATCH($B316,Listado!$B:$B,0)),"")} -> - | D316: {=IFERROR(INDEX(Listado!$D:$D,MATCH($B316,Listado!$B:$B,0)),"")} -> Ascasubi 1680 | E316: {=IFERROR(INDEX(Listado!$E:$E,MATCH($B316,Listado!$B:$B,0)),"")} -> 5 | F316: {=IFERROR(INDEX(Listado!$F:$F,MATCH($B316,Listado!$B:$B,0)),"")} -> Monica
A317: {=IFERROR(INDEX(Listado!$A:$A,MATCH($B317,Listado!$B:$B,0)),"")} -> Stella Maris Leguizamon | B317: 27544434 | C317: {=IFERROR(INDEX(Listado!$C:$C,MATCH($B317,Listado!$B:$B,0)),"")} -> 2257-639531 | D317: {=IFERROR(INDEX(Listado!$D:$D,MATCH($B317,Listado!$B:$B,0)),"")} -> Tierra del Fuego 1935 | E317: {=IFERROR(INDEX(Listado!$E:$E,MATCH($B317,Listado!$B:$B,0)),"")} -> 3 | F317: {=IFERROR(INDEX(Listado!$F:$F,MATCH($B317,Listado!$B:$B,0)),"")} -> Monica
A318: Barrios Gonzalo | C318: {=IFERROR(INDEX(Listado!$C:$C,MATCH($B318,Listado!$B:$B,0)),"")} | D318: {=IFERROR(INDEX(Listado!$D:$D,MATCH($B318,Listado!$B:$B,0)),"")} | E318: {=IFERROR(INDEX(Listado!$E:$E,MATCH($B318,Listado!$B:$B,0)),"")} | F318: Monica
A319: {=IFERROR(INDEX(Listado!$A:$A,MATCH($B319,Listado!$B:$B,0)),"")} -> Ana Belen Vallejos | B319: 40426968 | C319: {=IFERROR(INDEX(Listado!$C:$C,MATCH($B319,Listado!$B:$B,0)),"")} -> 011-65049502 | D319: {=IFERROR(INDEX(Listado!$D:$D,MATCH($B319,Listado!$B:$B,0)),"")} -> Tierra del Fuego 1935 | E319: {=IFERROR(INDEX(Listado!$E:$E,MATCH($B319,Listado!$B:$B,0)),"")} -> 3 | F319: {=IFERROR(INDEX(Listado!$F:$F,MATCH($B319,Listado!$B:$B,0)),"")} -> Monica
A320: {=IFERROR(INDEX(Listado!$A:$A,MATCH($B320,Listado!$B:$B,0)),"")} -> Yesica Cuba | B320: 33079289 | C320: {=IFERROR(INDEX(Listado!$C:$C,MATCH($B320,Listado!$B:$B,0)),"")} -> - | D320: {=IFERROR(INDEX(Listado!$D:$D,MATCH($B320,Listado!$B:$B,0)),"")} -> Tierra del Fuego 1531 | E320: {=IFERROR(INDEX(Listado!$E:$E,MATCH($B320,Listado!$B:$B,0)),"")} -> 3 | F320: {=IFERROR(INDEX(Listado!$F:$F,MATCH($B320,Listado!$B:$B,0)),"")} -> Monica
A321: {=IFERROR(INDEX(Listado!$A:$A,MATCH($B321,Listado!$B:$B,0)),"")} -> Claudia Salcedo | B321: 22740413 | C321: {=IFERROR(INDEX(Listado!$C:$C,MATCH($B321,Listado!$B:$B,0)),"")} | D321: {=IFERROR(INDEX(Listado!$D:$D,MATCH($B321,Listado!$B:$B,0)),"")} | E321: {=IFERROR(INDEX(Listado!$E:$E,MATCH($B321,Listado!$B:$B,0)),"")} -> 3 | F321: {=IFERROR(INDEX(Listado!$F:$F,MATCH($B321,Listado!$B:$B,0)),"")} -> Monica
A322: Ale Sanchez | B322: 18257120 | C322: {=IFERROR(INDEX(Listado!$C:$C,MATCH($B322,Listado!$B:$B,0)),"")} | D322: {=IFERROR(INDEX(Listado!$D:$D,MATCH($B322,Listado!$B:$B,0)),"")} | E322: 2 | F322: Monica
A323: {=IFERROR(INDEX(Listado!$A:$A,MATCH($B323,Listado!$B:$B,0)),"")} -> Aldana Sarmiento | B323: 41691243 | C323: {=IFERROR(INDEX(Listado!$C:$C,MATCH($B323,Listado!$B:$B,0)),"")} | D323: {=IFERROR(INDEX(Listado!$D:$D,MATCH($B323,Listado!$B:$B,0)),"")} | E323: {=IFERROR(INDEX(Listado!$E:$E,MATCH($B323,Listado!$B:$B,0)),"")} -> 3 | F323: {=IFERROR(INDEX(Listado!$F:$F,MATCH($B323,Listado!$B:$B,0)),"")} -> Monica
A324: {=IFERROR(INDEX(Listado!$A:$A,MATCH($B324,Listado!$B:$B,0)),"")} -> Tamara Sarmiento | B324: 37537481 | C324: {=IFERROR(INDEX(Listado!$C:$C,MATCH($B324,Listado!$B:$B,0)),"")} | D324: {=IFERROR(INDEX(Listado!$D:$D,MATCH($B324,Listado!$B:$B,0)),"")} -> La Margarita 484 | E324: {=IFERROR(INDEX(Listado!$E:$E,MATCH($B324,Listado!$B:$B,0)),"")} -> 5 | F324: {=IFERROR(INDEX(Listado!$F:$F,MATCH($B324,Listado!$B:$B,0)),"")} -> Monica
A325: {=IFERROR(INDEX(Listado!$A:$A,MATCH($B325,Listado!$B:$B,0)),"")} -> Sarmiento Mayra | B325: 40223743 | C325: {=IFERROR(INDEX(Listado!$C:$C,MATCH($B325,Listado!$B:$B,0)),"")} | D325: {=IFERROR(INDEX(Listado!$D:$D,MATCH($B325,Listado!$B:$B,0)),"")} | E325: {=IFERROR(INDEX(Listado!$E:$E,MATCH($B325,Listado!$B:$B,0)),"")} | F325: {=IFERROR(INDEX(Listado!$F:$F,MATCH($B325,Listado!$B:$B,0)),"")} -> Monica
...

Sheet Mercadería 250925
A1: NOMBRE Y APELLIDO | B1: DNI | C1: CONTACTO | D1: DIRECCION | E1: COMP. FAMILIAR | F1: RESPONSABLE
A2: {=IFERROR(INDEX(Listado!$A:$A,MATCH($B2,Listado!$B:$B,0)),"")} -> Yamila Daniela Cuevas | B2: 40795111 | C2: {=IFERROR(INDEX(Listado!$C:$C,MATCH($B2,Listado!$B:$B,0)),"")} -> - | D2: {=IFERROR(INDEX(Listado!$D:$D,MATCH($B2,Listado!$B:$B,0)),"")} -> El Ancla y Yunque | E2: {=IFERROR(INDEX(Listado!$E:$E,MATCH($B2,Listado!$B:$B,0)),"")} -> 4 | F2: {=IFERROR(INDEX(Listado!$F:$F,MATCH($B2,Listado!$B:$B,0)),"")} -> Ana
A3: {=IFERROR(INDEX(Listado!$A:$A,MATCH($B3,Listado!$B:$B,0)),"")} -> Melany Fabiana Cuevas | B3: 45914708 | C3: {=IFERROR(INDEX(Listado!$C:$C,MATCH($B3,Listado!$B:$B,0)),"")} -> - | D3: {=IFERROR(INDEX(Listado!$D:$D,MATCH($B3,Listado!$B:$B,0)),"")} -> Julio Campos 1880 | E3: {=IFERROR(INDEX(Listado!$E:$E,MATCH($B3,Listado!$B:$B,0)),"")} -> 3 | F3: {=IFERROR(INDEX(Listado!$F:$F,MATCH($B3,Listado!$B:$B,0)),"")} -> Ana
A4: {=IFERROR(INDEX(Listado!$A:$A,MATCH($B4,Listado!$B:$B,0)),"")} -> Elba Rosa Meneses | B4: 23983063 | C4: {=IFERROR(INDEX(Listado!$C:$C,MATCH($B4,Listado!$B:$B,0)),"")} -> 2257-541106 | D4: {=IFERROR(INDEX(Listado!$D:$D,MATCH($B4,Listado!$B:$B,0)),"")} -> Azopardo 1650 | E4: {=IFERROR(INDEX(Listado!$E:$E,MATCH($B4,Listado!$B:$B,0)),"")} -> 2 | F4: {=IFERROR(INDEX(Listado!$F:$F,MATCH($B4,Listado!$B:$B,0)),"")} -> Ana
A5: {=IFERROR(INDEX(Listado!$A:$A,MATCH($B5,Listado!$B:$B,0)),"")} -> Melany Fabiana Cuevas | B5: 45914708 | C5: {=IFERROR(INDEX(Listado!$C:$C,MATCH($B5,Listado!$B:$B,0)),"")} -> - | D5: {=IFERROR(INDEX(Listado!$D:$D,MATCH($B5,Listado!$B:$B,0)),"")} -> Julio Campos 1880 | E5: {=IFERROR(INDEX(Listado!$E:$E,MATCH($B5,Listado!$B:$B,0)),"")} -> 3 | F5: {=IFERROR(INDEX(Listado!$F:$F,MATCH($B5,Listado!$B:$B,0)),"")} -> Ana
A6: {=IFERROR(INDEX(Listado!$A:$A,MATCH($B6,Listado!$B:$B,0)),"")} -> Luciana Fernanda Cuevas | B6: 43305223 | C6: {=IFERROR(INDEX(Listado!$C:$C,MATCH($B6,Listado!$B:$B,0)),"")} -> - | D6: {=IFERROR(INDEX(Listado!$D:$D,MATCH($B6,Listado!$B:$B,0)),"")} -> Montevideo 2387 | E6: {=IFERROR(INDEX(Listado!$E:$E,MATCH($B6,Listado!$B:$B,0)),"")} -> 3 | F6: {=IFERROR(INDEX(Listado!$F:$F,MATCH($B6,Listado!$B:$B,0)),"")} -> Ana
A7: {=IFERROR(INDEX(Listado!$A:$A,MATCH($B7,Listado!$B:$B,0)),"")} | B7: 12386217 | C7: {=IFERROR(INDEX(Listado!$C:$C,MATCH($B7,Listado!$B:$B,0)),"")} | D7: {=IFERROR(INDEX(Listado!$D:$D,MATCH($B7,Listado!$B:$B,0)),"")} | E7: {=IFERROR(INDEX(Listado!$E:$E,MATCH($B7,Listado!$B:$B,0)),"")} | F7: {=IFERROR(INDEX(Listado!$F:$F,MATCH($B7,Listado!$B:$B,0)),"")}
A8: {=IFERROR(INDEX(Listado!$A:$A,MATCH($B8,Listado!$B:$B,0)),"")} -> Pablo Ariel Agulleiro | B8: 35634360 | C8: {=IFERROR(INDEX(Listado!$C:$C,MATCH($B8,Listado!$B:$B,0)),"")} -> 2257-532967 | D8: {=IFERROR(INDEX(Listado!$D:$D,MATCH($B8,Listado!$B:$B,0)),"")} -> Lugones 1018 | E8: {=IFERROR(INDEX(Listado!$E:$E,MATCH($B8,Listado!$B:$B,0)),"")} -> 4 | F8: {=IFERROR(INDEX(Listado!$F:$F,MATCH($B8,Listado!$B:$B,0)),"")} -> Ana
A9: {=IFERROR(INDEX(Listado!$A:$A,MATCH($B9,Listado!$B:$B,0)),"")} -> Rogelio Batista | B9: 7559612 | C9: {=IFERROR(INDEX(Listado!$C:$C,MATCH($B9,Listado!$B:$B,0)),"")} -> 2257-549977 | D9: {=IFERROR(INDEX(Listado!$D:$D,MATCH($B9,Listado!$B:$B,0)),"")} -> Olmos 509 | E9: {=IFERROR(INDEX(Listado!$E:$E,MATCH($B9,Listado!$B:$B,0)),"")} -> 1 | F9: {=IFERROR(INDEX(Listado!$F:$F,MATCH($B9,Listado!$B:$B,0)),"")} -> Ana
A10: {=IFERROR(INDEX(Listado!$A:$A,MATCH($B10,Listado!$B:$B,0)),"")} -> Gisela Veronica Detomasi | B10: 29986427 | C10: {=IFERROR(INDEX(Listado!$C:$C,MATCH($B10,Listado!$B:$B,0)),"")} -> 2257-547594 | D10: {=IFERROR(INDEX(Listado!$D:$D,MATCH($B10,Listado!$B:$B,0)),"")} -> Marmol 236 | E10: {=IFERROR(INDEX(Listado!$E:$E,MATCH($B10,Listado!$B:$B,0)),"")} -> 4 | F10: {=IFERROR(INDEX(Listado!$F:$F,MATCH($B10,Listado!$B:$B,0)),"")} -> Ana
A11: {=IFERROR(INDEX(Listado!$A:$A,MATCH($B11,Listado!$B:$B,0)),"")} -> Maria Soledad Silva | B11: 38955123 | C11: {=IFERROR(INDEX(Listado!$C:$C,MATCH($B11,Listado!$B:$B,0)),"")} -> 2257-541954 | D11: {=IFERROR(INDEX(Listado!$D:$D,MATCH($B11,Listado!$B:$B,0)),"")} -> Ascasubi 240 | E11: {=IFERROR(INDEX(Listado!$E:$E,MATCH($B11,Listado!$B:$B,0)),"")} -> 5 | F11: {=IFERROR(INDEX(Listado!$F:$F,MATCH($B11,Listado!$B:$B,0)),"")} -> Ana
A12: {=IFERROR(INDEX(Listado!$A:$A,MATCH($B12,Listado!$B:$B,0)),"")} -> Silvia Antonia Matus | B12: 11817522 | C12: {=IFERROR(INDEX(Listado!$C:$C,MATCH($B12,Listado!$B:$B,0)),"")} -> 2122943181 | D12: {=IFERROR(INDEX(Listado!$D:$D,MATCH($B12,Listado!$B:$B,0)),"")} -> Yunque 710 | E12: {=IFERROR(INDEX(Listado!$E:$E,MATCH($B12,Listado!$B:$B,0)),"")} -> 4 | F12: {=IFERROR(INDEX(Listado!$F:$F,MATCH($B12,Listado!$B:$B,0)),"")} -> Ana
A13: {=IFERROR(INDEX(Listado!$A:$A,MATCH($B13,Listado!$B:$B,0)),"")} -> Erica Cristina Urueña | B13: 31135866 | C13: {=IFERROR(INDEX(Listado!$C:$C,MATCH($B13,Listado!$B:$B,0)),"")} -> 2257-700221 | D13: {=IFERROR(INDEX(Listado!$D:$D,MATCH($B13,Listado!$B:$B,0)),"")} -> Castelli 1350 | E13: {=IFERROR(INDEX(Listado!$E:$E,MATCH($B13,Listado!$B:$B,0)),"")} -> 4 | F13: {=IFERROR(INDEX(Listado!$F:$F,MATCH($B13,Listado!$B:$B,0)),"")} -> Ana
... A22: {=IFERROR(INDEX(Listado!$A:$A,MATCH($B22,Listado!$B:$B,0)),"")} -> Yamila Gisel Balmaceda | B22: 34122822 | C22: {=IFERROR(INDEX(Listado!$C:$C,MATCH($B22,Listado!$B:$B,0)),"")} -> -- | D22: {=IFERROR(INDEX(Listado!$D:$D,MATCH($B22,Listado!$B:$B,0)),"")} -> Sacconi 1987 | E22: {=IFERROR(INDEX(Listado!$E:$E,MATCH($B22,Listado!$B:$B,0)),"")} -> 2 | F22: {=IFERROR(INDEX(Listado!$F:$F,MATCH($B22,Listado!$B:$B,0)),"")} -> Elena
A23: Maria de las Mercedes Adauto | B23: 17888282 | C23: {=IFERROR(INDEX(Listado!$C:$C,MATCH($B23,Listado!$B:$B,0)),"")} -> 2257-549204 | D23: {=IFERROR(INDEX(Listado!$D:$D,MATCH($B23,Listado!$B:$B,0)),"")} -> Arrecifes 1583 | E23: {=IFERROR(INDEX(Listado!$E:$E,MATCH($B23,Listado!$B:$B,0)),"")} -> 2 | F23: {=IFERROR(INDEX(Listado!$F:$F,MATCH($B23,Listado!$B:$B,0)),"")} -> Elena
A24: {=IFERROR(INDEX(Listado!$A:$A,MATCH($B24,Listado!$B:$B,0)),"")} -> Maria De Los Angeles Estevez | B24: 27776059 | C24: {=IFERROR(INDEX(Listado!$C:$C,MATCH($B24,Listado!$B:$B,0)),"")} -> 2257-615262 | D24: {=IFERROR(INDEX(Listado!$D:$D,MATCH($B24,Listado!$B:$B,0)),"")} -> La Margarita 197 | E24: {=IFERROR(INDEX(Listado!$E:$E,MATCH($B24,Listado!$B:$B,0)),"")} -> 4 | F24: {=IFERROR(INDEX(Listado!$F:$F,MATCH($B24,Listado!$B:$B,0)),"")} -> Elena
A25: {=IFERROR(INDEX(Listado!$A:$A,MATCH($B25,Listado!$B:$B,0)),"")} -> Veronica Edith Toloza | B25: 30267029 | C25: {=IFERROR(INDEX(Listado!$C:$C,MATCH($B25,Listado!$B:$B,0)),"")} -> 2257-407658 | D25: {=IFERROR(INDEX(Listado!$D:$D,MATCH($B25,Listado!$B:$B,0)),"")} -> Marmol 555 | E25: {=IFERROR(INDEX(Listado!$E:$E,MATCH($B25,Listado!$B:$B,0)),"")} -> 3 | F25: {=IFERROR(INDEX(Listado!$F:$F,MATCH($B25,Listado!$B:$B,0)),"")} -> Elena
A26: {=IFERROR(INDEX(Listado!$A:$A,MATCH($B26,Listado!$B:$B,0)),"")} -> Eunice Monges Martinez | B26: 95095294 | C26: {=IFERROR(INDEX(Listado!$C:$C,MATCH($B26,Listado!$B:$B,0)),"")} -> 011-51785041 | D26: {=IFERROR(INDEX(Listado!$D:$D,MATCH($B26,Listado!$B:$B,0)),"")} -> La Argentina 2186 | E26: {=IFERROR(INDEX(Listado!$E:$E,MATCH($B26,Listado!$B:$B,0)),"")} -> 5 | F26: {=IFERROR(INDEX(Listado!$F:$F,MATCH($B26,Listado!$B:$B,0)),"")} -> Elena
A27: {=IFERROR(INDEX(Listado!$A:$A,MATCH($B27,Listado!$B:$B,0)),"")} -> Mabel Monges Martinez | B27: 95104177 | C27: {=IFERROR(INDEX(Listado!$C:$C,MATCH($B27,Listado!$B:$B,0)),"")} -> 2257-414903 | D27: {=IFERROR(INDEX(Listado!$D:$D,MATCH($B27,Listado!$B:$B,0)),"")} -> Guiraldes 1279 | E27: {=IFERROR(INDEX(Listado!$E:$E,MATCH($B27,Listado!$B:$B,0)),"")} -> 5 | F27: {=IFERROR(INDEX(Listado!$F:$F,MATCH($B27,Listado!$B:$B,0)),"")} -> Elena
A28: {=IFERROR(INDEX(Listado!$A:$A,MATCH($B28,Listado!$B:$B,0)),"")} -> Lucas Enrique Sernagoras | B28: 36525027 | C28: {=IFERROR(INDEX(Listado!$C:$C,MATCH($B28,Listado!$B:$B,0)),"")} -> 2257-307829 | D28: {=IFERROR(INDEX(Listado!$D:$D,MATCH($B28,Listado!$B:$B,0)),"")} -> Termas de Rio Hondo 271 | E28: {=IFERROR(INDEX(Listado!$E:$E,MATCH($B28,Listado!$B:$B,0)),"")} -> 2 | F28: {=IFERROR(INDEX(Listado!$F:$F,MATCH($B28,Listado!$B:$B,0)),"")} -> Elena
A29: {=IFERROR(INDEX(Listado!$A:$A,MATCH($B29,Listado!$B:$B,0)),"")} -> Jorge Osvaldo Garcilazo | B29: 14337753 | C29: {=IFERROR(INDEX(Listado!$C:$C,MATCH($B29,Listado!$B:$B,0)),"")} -> - | D29: {=IFERROR(INDEX(Listado!$D:$D,MATCH($B29,Listado!$B:$B,0)),"")} -> Colon y Palacios | E29: {=IFERROR(INDEX(Listado!$E:$E,MATCH($B29,Listado!$B:$B,0)),"")} -> 1 | F29: {=IFERROR(INDEX(Listado!$F:$F,MATCH($B29,Listado!$B:$B,0)),"")} -> Elena
A30: {=IFERROR(INDEX(Listado!$A:$A,MATCH($B30,Listado!$B:$B,0)),"")} -> Jorge Damian Bongrani | B30: 41258385 | C30: {=IFERROR(INDEX(Listado!$C:$C,MATCH($B30,Listado!$B:$B,0)),"")} -> 2236926007 | D30: {=IFERROR(INDEX(Listado!$D:$D,MATCH($B30,Listado!$B:$B,0)),"")} -> Blanco Encalada (Casa 2) | E30: {=IFERROR(INDEX(Listado!$E:$E,MATCH($B30,Listado!$B:$B,0)),"")} -> 1 | F30: {=IFERROR(INDEX(Listado!$F:$F,MATCH($B30,Listado!$B:$B,0)),"")} -> Elena
A31: {=IFERROR(INDEX(Listado!$A:$A,MATCH($B31,Listado!$B:$B,0)),"")} -> Juan Jose Carrera | B31: 33755466 | C31: {=IFERROR(INDEX(Listado!$C:$C,MATCH($B31,Listado!$B:$B,0)),"")} -> 2257-527228 | D31: {=IFERROR(INDEX(Listado!$D:$D,MATCH($B31,Listado!$B:$B,0)),"")} -> Marano 1053 | E31: {=IFERROR(INDEX(Listado!$E:$E,MATCH($B31,Listado!$B:$B,0)),"")} -> 3 | F31: {=IFERROR(INDEX(Listado!$F:$F,MATCH($B31,Listado!$B:$B,0)),"")} -> Elena
A32: {=IFERROR(INDEX(Listado!$A:$A,MATCH($B32,Listado!$B:$B,0)),"")} -> Ramirez Ariel | B32: 25886613 | C32: {=IFERROR(INDEX(Listado!$C:$C,MATCH($B32,Listado!$B:$B,0)),"")} -> - | D32: {=IFERROR(INDEX(Listado!$D:$D,MATCH($B32,Listado!$B:$B,0)),"")} -> Pueyredon 1540 | E32: {=IFERROR(INDEX(Listado!$E:$E,MATCH($B32,Listado!$B:$B,0)),"")} | F32: {=IFERROR(INDEX(Listado!$F:$F,MATCH($B32,Listado!$B:$B,0)),"")} -> Elena
A33: {=IFERROR(INDEX(Listado!$A:$A,MATCH($B33,Listado!$B:$B,0)),"")} -> Yamila Gisel Balmaceda | B33: 34122822 | C33: - | D33: {=IFERROR(INDEX(Listado!$D:$D,MATCH($B33,Listado!$B:$B,0)),"")} -> Sacconi 1987 | E33: {=IFERROR(INDEX(Listado!$E:$E,MATCH($B33,Listado!$B:$B,0)),"")} -> 2 | F33: {=IFERROR(INDEX(Listado!$F:$F,MATCH($B33,Listado!$B:$B,0)),"")} -> Elena
A34: {=IFERROR(INDEX(Listado!$A:$A,MATCH($B34,Listado!$B:$B,0)),"")} -> Cavallear Monica | B34: 35202893 | C34: {=IFERROR(INDEX(Listado!$C:$C,MATCH($B34,Listado!$B:$B,0)),"")} -> - | D34: {=IFERROR(INDEX(Listado!$D:$D,MATCH($B34,Listado!$B:$B,0)),"")} -> Saconi 1612 | E34: {=IFERROR(INDEX(Listado!$E:$E,MATCH($B34,Listado!$B:$B,0)),"")} | F34: {=IFERROR(INDEX(Listado!$F:$F,MATCH($B34,Listado!$B:$B,0)),"")} -> Elena
A35: {=IFERROR(INDEX(Listado!$A:$A,MATCH($B35,Listado!$B:$B,0)),"")} -> Pabla Martinez Silvero | B35: 92148168 | C35: {=IFERROR(INDEX(Listado!$C:$C,MATCH($B35,Listado!$B:$B,0)),"")} -> 011-63508544 | D35: {=IFERROR(INDEX(Listado!$D:$D,MATCH($B35,Listado!$B:$B,0)),"")} -> Magallanes 1487 | E35: {=IFERROR(INDEX(Listado!$E:$E,MATCH($B35,Listado!$B:$B,0)),"")} -> 1 | F35: {=IFERROR(INDEX(Listado!$F:$F,MATCH($B35,Listado!$B:$B,0)),"")} -> Silvia
A36: {=IFERROR(INDEX(Listado!$A:$A,MATCH($B36,Listado!$B:$B,0)),"")} -> Noelia Arcelus | B36: 25762854 | C36: {=IFERROR(INDEX(Listado!$C:$C,MATCH($B36,Listado!$B:$B,0)),"")} -> - | D36: {=IFERROR(INDEX(Listado!$D:$D,MATCH($B36,Listado!$B:$B,0)),"")} -> - | E36: {=IFERROR(INDEX(Listado!$E:$E,MATCH($B36,Listado!$B:$B,0)),"")} -> - | F36: {=IFERROR(INDEX(Listado!$F:$F,MATCH($B36,Listado!$B:$B,0)),"")} -> Elena
A37: {=IFERROR(INDEX(Listado!$A:$A,MATCH($B37,Listado!$B:$B,0)),"")} -> Rojas Maidana Ludmila Milagros Aylen | B37: 48035627 | C37: {=IFERROR(INDEX(Listado!$C:$C,MATCH($B37,Listado!$B:$B,0)),"")} -> - | D37: {=IFERROR(INDEX(Listado!$D:$D,MATCH($B37,Listado!$B:$B,0)),"")} -> Margarita 750 | E37: {=IFERROR(INDEX(Listado!$E:$E,MATCH($B37,Listado!$B:$B,0)),"")} | F37: {=IFERROR(INDEX(Listado!$F:$F,MATCH($B37,Listado!$B:$B,0)),"")} -> Elena
A38: {=IFERROR(INDEX(Listado!$A:$A,MATCH($B38,Listado!$B:$B,0)),"")} -> Rivero Maria Celeste | B38: 36825520 | C38: {=IFERROR(INDEX(Listado!$C:$C,MATCH($B38,Listado!$B:$B,0)),"")} -> - | D38: {=IFERROR(INDEX(Listado!$D:$D,MATCH($B38,Listado!$B:$B,0)),"")} -> Lobo de Mar 136 | E38: {=IFERROR(INDEX(Listado!$E:$E,MATCH($B38,Listado!$B:$B,0)),"")} | F38: {=IFERROR(INDEX(Listado!$F:$F,MATCH($B38,Listado!$B:$B,0)),"")} -> Elena
A39: {=IFERROR(INDEX(Listado!$A:$A,MATCH($B39,Listado!$B:$B,0)),"")} -> Leila Daiana Barrionuevo | B39: 41196195 | C39: {=IFERROR(INDEX(Listado!$C:$C,MATCH($B39,Listado!$B:$B,0)),"")} -> 2257-558726 | D39: {=IFERROR(INDEX(Listado!$D:$D,MATCH($B39,Listado!$B:$B,0)),"")} -> Blanco Encalada 2281 | E39: {=IFERROR(INDEX(Listado!$E:$E,MATCH($B39,Listado!$B:$B,0)),"")} -> 3 | F39: {=IFERROR(INDEX(Listado!$F:$F,MATCH($B39,Listado!$B:$B,0)),"")} -> Alicia
A40: {=IFERROR(INDEX(Listado!$A:$A,MATCH($B40,Listado!$B:$B,0)),"")} -> Santa Cecilia Gularte | B40: 30792577 | C40: {=IFERROR(INDEX(Listado!$C:$C,MATCH($B40,Listado!$B:$B,0)),"")} -> 2257-417827 | D40: {=IFERROR(INDEX(Listado!$D:$D,MATCH($B40,Listado!$B:$B,0)),"")} -> Ascasubi 589 | E40: {=IFERROR(INDEX(Listado!$E:$E,MATCH($B40,Listado!$B:$B,0)),"")} -> 6 | F40: {=IFERROR(INDEX(Listado!$F:$F,MATCH($B40,Listado!$B:$B,0)),"")} -> Alicia
A41: {=IFERROR(INDEX(Listado!$A:$A,MATCH($B41,Listado!$B:$B,0)),"")} -> Laura Andrea Troncoso | B41: 31885659 | C41: {=IFERROR(INDEX(Listado!$C:$C,MATCH($B41,Listado!$B:$B,0)),"")} -> 2257-761587 | D41: {=IFERROR(INDEX(Listado!$D:$D,MATCH($B41,Listado!$B:$B,0)),"")} -> Marejada y Montevideo | E41: {=IFERROR(INDEX(Listado!$E:$E,MATCH($B41,Listado!$B:$B,0)),"")} -> 5 | F41: {=IFERROR(INDEX(Listado!$F:$F,MATCH($B41,Listado!$B:$B,0)),"")} -> Romina
A42: {=IFERROR(INDEX(Listado!$A:$A,MATCH($B42,Listado!$B:$B,0)),"")} -> Lucy Suarez | B42: 2362837 | C42: {=IFERROR(INDEX(Listado!$C:$C,MATCH($B42,Listado!$B:$B,0)),"")} | D42: {=IFERROR(INDEX(Listado!$D:$D,MATCH($B42,Listado!$B:$B,0)),"")} -> Quinteros 954 | E42: {=IFERROR(INDEX(Listado!$E:$E,MATCH($B42,Listado!$B:$B,0)),"")} | F42: {=IFERROR(INDEX(Listado!$F:$F,MATCH($B42,Listado!$B:$B,0)),"")} -> Romina
A43: {=IFERROR(INDEX(Listado!$A:$A,MATCH($B43,Listado!$B:$B,0)),"")} -> Margot Aurora Rodriguez | B43: 13186317 | C43: {=IFERROR(INDEX(Listado!$C:$C,MATCH($B43,Listado!$B:$B,0)),"")} -> 2257-520785 | D43: {=IFERROR(INDEX(Listado!$D:$D,MATCH($B43,Listado!$B:$B,0)),"")} -> Espora 1055 | E43: {=IFERROR(INDEX(Listado!$E:$E,MATCH($B43,Listado!$B:$B,0)),"")} -> 1 | F43: {=IFERROR(INDEX(Listado!$F:$F,MATCH($B43,Listado!$B:$B,0)),"")} -> Romina
A44: {=IFERROR(INDEX(Listado!$A:$A,MATCH($B44,Listado!$B:$B,0)),"")} -> Silvina Zalazar | B44: 30304758 | C44: {=IFERROR(INDEX(Listado!$C:$C,MATCH($B44,Listado!$B:$B,0)),"")} -> 2257-541249 | D44: {=IFERROR(INDEX(Listado!$D:$D,MATCH($B44,Listado!$B:$B,0)),"")} -> Marmol (Casa 2) | E44: {=IFERROR(INDEX(Listado!$E:$E,MATCH($B44,Listado!$B:$B,0)),"")} -> 4 | F44: {=IFERROR(INDEX(Listado!$F:$F,MATCH($B44,Listado!$B:$B,0)),"")} -> Romina
A45: {=IFERROR(INDEX(Listado!$A:$A,MATCH($B45,Listado!$B:$B,0)),"")} -> Marta Alicia Roldan | B45: 6283445 | C45: {=IFERROR(INDEX(Listado!$C:$C,MATCH($B45,Listado!$B:$B,0)),"")} -> 2257-610397 | D45: {=IFERROR(INDEX(Listado!$D:$D,MATCH($B45,Listado!$B:$B,0)),"")} -> Cramer 595 | E45: {=IFERROR(INDEX(Listado!$E:$E,MATCH($B45,Listado!$B:$B,0)),"")} -> 2 | F45: {=IFERROR(INDEX(Listado!$F:$F,MATCH($B45,Listado!$B:$B,0)),"")} -> Romina
... A52: {=IFERROR(INDEX(Listado!$A:$A,MATCH($B52,Listado!$B:$B,0)),"")} -> Dora Funes | B52: 27283186 | C52: {=IFERROR(INDEX(Listado!$C:$C,MATCH($B52,Listado!$B:$B,0)),"")} -> 2257-408408 | D52: {=IFERROR(INDEX(Listado!$D:$D,MATCH($B52,Listado!$B:$B,0)),"")} -> Caseros 150 | E52: {=IFERROR(INDEX(Listado!$E:$E,MATCH($B52,Listado!$B:$B,0)),"")} -> 4 | F52: {=IFERROR(INDEX(Listado!$F:$F,MATCH($B52,Listado!$B:$B,0)),"")} -> Alicia
A53: Funes Pablo | C53: - | D53: Hernandez 665 | E53: {=IFERROR(INDEX(Listado!$E:$E,MATCH($B53,Listado!$B:$B,0)),"")} | F53: Alicia
A54: {=IFERROR(INDEX(Listado!$A:$A,MATCH($B54,Listado!$B:$B,0)),"")} -> Irupé Alejandra Chaparro | B54: 40256430 | C54: {=IFERROR(INDEX(Listado!$C:$C,MATCH($B54,Listado!$B:$B,0)),"")} -> 2257-550465 | D54: {=IFERROR(INDEX(Listado!$D:$D,MATCH($B54,Listado!$B:$B,0)),"")} -> Olmos y Pueyrredon (Casa 3) | E54: {=IFERROR(INDEX(Listado!$E:$E,MATCH($B54,Listado!$B:$B,0)),"")} -> 3 | F54: {=IFERROR(INDEX(Listado!$F:$F,MATCH($B54,Listado!$B:$B,0)),"")} -> Alicia
A55: {=IFERROR(INDEX(Listado!$A:$A,MATCH($B55,Listado!$B:$B,0)),"")} -> Isabel Mercedes Torancio | B55: 18538454 | C55: {=IFERROR(INDEX(Listado!$C:$C,MATCH($B55,Listado!$B:$B,0)),"")} -> 2257-309831 | D55: {=IFERROR(INDEX(Listado!$D:$D,MATCH($B55,Listado!$B:$B,0)),"")} -> Olmos y Pueyrredon (Casa 1) | E55: {=IFERROR(INDEX(Listado!$E:$E,MATCH($B55,Listado!$B:$B,0)),"")} -> 3 | F55: {=IFERROR(INDEX(Listado!$F:$F,MATCH($B55,Listado!$B:$B,0)),"")} -> Alicia
A56: {=IFERROR(INDEX(Listado!$A:$A,MATCH($B56,Listado!$B:$B,0)),"")} -> Marisol Benitez Gimenez | B56: 95097978 | C56: {=IFERROR(INDEX(Listado!$C:$C,MATCH($B56,Listado!$B:$B,0)),"")} -> 2257-410680 | D56: {=IFERROR(INDEX(Listado!$D:$D,MATCH($B56,Listado!$B:$B,0)),"")} -> Torino 1950 | E56: {=IFERROR(INDEX(Listado!$E:$E,MATCH($B56,Listado!$B:$B,0)),"")} -> 5 | F56: {=IFERROR(INDEX(Listado!$F:$F,MATCH($B56,Listado!$B:$B,0)),"")} -> Alicia
A57: {=IFERROR(INDEX(Listado!$A:$A,MATCH($B57,Listado!$B:$B,0)),"")} -> Eva Martina Casco | B57: 10637796 | C57: {=IFERROR(INDEX(Listado!$C:$C,MATCH($B57,Listado!$B:$B,0)),"")} -> 2257-503835 | D57: {=IFERROR(INDEX(Listado!$D:$D,MATCH($B57,Listado!$B:$B,0)),"")} -> Montevideo 411 | E57: {=IFERROR(INDEX(Listado!$E:$E,MATCH($B57,Listado!$B:$B,0)),"")} -> 2 | F57: {=IFERROR(INDEX(Listado!$F:$F,MATCH($B57,Listado!$B:$B,0)),"")} -> Alicia
A58: {=IFERROR(INDEX(Listado!$A:$A,MATCH($B58,Listado!$B:$B,0)),"")} -> Laila Rocio Arguello | B58: 43458640 | C58: {=IFERROR(INDEX(Listado!$C:$C,MATCH($B58,Listado!$B:$B,0)),"")} -> 2257-546810 | D58: {=IFERROR(INDEX(Listado!$D:$D,MATCH($B58,Listado!$B:$B,0)),"")} -> Lobo de Mar 98 | E58: {=IFERROR(INDEX(Listado!$E:$E,MATCH($B58,Listado!$B:$B,0)),"")} -> 2 | F58: {=IFERROR(INDEX(Listado!$F:$F,MATCH($B58,Listado!$B:$B,0)),"")} -> Silvia
A59: {=IFERROR(INDEX(Listado!$A:$A,MATCH($B59,Listado!$B:$B,0)),"")} -> Daniel Morinigo | B59: 28443292 | C59: {=IFERROR(INDEX(Listado!$C:$C,MATCH($B59,Listado!$B:$B,0)),"")} | D59: {=IFERROR(INDEX(Listado!$D:$D,MATCH($B59,Listado!$B:$B,0)),"")} -> Calvetti | E59: {=IFERROR(INDEX(Listado!$E:$E,MATCH($B59,Listado!$B:$B,0)),"")} | F59: {=IFERROR(INDEX(Listado!$F:$F,MATCH($B59,Listado!$B:$B,0)),"")} -> Alicia
A60: {=IFERROR(INDEX(Listado!$A:$A,MATCH($B60,Listado!$B:$B,0)),"")} -> Leila Daiana Barrionuevo | B60: 41196195 | C60: {=IFERROR(INDEX(Listado!$C:$C,MATCH($B60,Listado!$B:$B,0)),"")} -> 2257-558726 | D60: {=IFERROR(INDEX(Listado!$D:$D,MATCH($B60,Listado!$B:$B,0)),"")} -> Blanco Encalada 2281 | E60: {=IFERROR(INDEX(Listado!$E:$E,MATCH($B60,Listado!$B:$B,0)),"")} -> 3 | F60: {=IFERROR(INDEX(Listado!$F:$F,MATCH($B60,Listado!$B:$B,0)),"")} -> Alicia
A61: {=IFERROR(INDEX(Listado!$A:$A,MATCH($B61,Listado!$B:$B,0)),"")} -> Santa Cecilia Gularte | B61: 30792577 | C61: {=IFERROR(INDEX(Listado!$C:$C,MATCH($B61,Listado!$B:$B,0)),"")} -> 2257-417827 | D61: {=IFERROR(INDEX(Listado!$D:$D,MATCH($B61,Listado!$B:$B,0)),"")} -> Ascasubi 589 | E61: {=IFERROR(INDEX(Listado!$E:$E,MATCH($B61,Listado!$B:$B,0)),"")} -> 6 | F61: {=IFERROR(INDEX(Listado!$F:$F,MATCH($B61,Listado!$B:$B,0)),"")} -> Alicia
A62: {=IFERROR(INDEX(Listado!$A:$A,MATCH($B62,Listado!$B:$B,0)),"")} -> Cynthia Soledad Amilvia | B62: 29077793 | C62: {=IFERROR(INDEX(Listado!$C:$C,MATCH($B62,Listado!$B:$B,0)),"")} -> 2257-551148 | D62: {=IFERROR(INDEX(Listado!$D:$D,MATCH($B62,Listado!$B:$B,0)),"")} -> Lebensohn 1631 | E62: {=IFERROR(INDEX(Listado!$E:$E,MATCH($B62,Listado!$B:$B,0)),"")} -> 4 | F62: {=IFERROR(INDEX(Listado!$F:$F,MATCH($B62,Listado!$B:$B,0)),"")} -> Laura
A63: {=IFERROR(INDEX(Listado!$A:$A,MATCH($B63,Listado!$B:$B,0)),"")} -> Marcela Alejandra Gomez | B63: 22404551 | C63: {=IFERROR(INDEX(Listado!$C:$C,MATCH($B63,Listado!$B:$B,0)),"")} -> 2257-405238 | D63: {=IFERROR(INDEX(Listado!$D:$D,MATCH($B63,Listado!$B:$B,0)),"")} -> Olmos 224 | E63: {=IFERROR(INDEX(Listado!$E:$E,MATCH($B63,Listado!$B:$B,0)),"")} -> 3 | F63: {=IFERROR(INDEX(Listado!$F:$F,MATCH($B63,Listado!$B:$B,0)),"")} -> Alicia
A64: Ramon Lujan | C64: {=IFERROR(INDEX(Listado!$C:$C,MATCH($B64,Listado!$B:$B,0)),"")} | D64: Olmos 290 | E64: {=IFERROR(INDEX(Listado!$E:$E,MATCH($B64,Listado!$B:$B,0)),"")} | F64: Alicia
A65: {=IFERROR(INDEX(Listado!$A:$A,MATCH($B65,Listado!$B:$B,0)),"")} -> Juliana Garay | B65: 26949108 | C65: {=IFERROR(INDEX(Listado!$C:$C,MATCH($B65,Listado!$B:$B,0)),"")} -> - | D65: {=IFERROR(INDEX(Listado!$D:$D,MATCH($B65,Listado!$B:$B,0)),"")} -> Blanco Encalada 1328 | E65: {=IFERROR(INDEX(Listado!$E:$E,MATCH($B65,Listado!$B:$B,0)),"")} | F65: {=IFERROR(INDEX(Listado!$F:$F,MATCH($B65,Listado!$B:$B,0)),"")} -> Alicia
A66: {=IFERROR(INDEX(Listado!$A:$A,MATCH($B66,Listado!$B:$B,0)),"")} -> Cristina Yamila Gomez | B66: 37198780 | C66: {=IFERROR(INDEX(Listado!$C:$C,MATCH($B66,Listado!$B:$B,0)),"")} -> 011-53194731 | D66: {=IFERROR(INDEX(Listado!$D:$D,MATCH($B66,Listado!$B:$B,0)),"")} -> Lobo de Mar 905 | E66: {=IFERROR(INDEX(Listado!$E:$E,MATCH($B66,Listado!$B:$B,0)),"")} -> 3 | F66: {=IFERROR(INDEX(Listado!$F:$F,MATCH($B66,Listado!$B:$B,0)),"")} -> Alicia
A67: {=IFERROR(INDEX(Listado!$A:$A,MATCH($B67,Listado!$B:$B,0)),"")} -> Miguel Angel Morel | B67: 14421874 | C67: {=IFERROR(INDEX(Listado!$C:$C,MATCH($B67,Listado!$B:$B,0)),"")} -> 2257-314091 | D67: {=IFERROR(INDEX(Listado!$D:$D,MATCH($B67,Listado!$B:$B,0)),"")} -> Azopardo 1648 | E67: {=IFERROR(INDEX(Listado!$E:$E,MATCH($B67,Listado!$B:$B,0)),"")} -> 2 | F67: {=IFERROR(INDEX(Listado!$F:$F,MATCH($B67,Listado!$B:$B,0)),"")} -> Alicia
A68: {=IFERROR(INDEX(Listado!$A:$A,MATCH($B68,Listado!$B:$B,0)),"")} -> Ana Rosa Benitez | B68: 6219667 | C68: {=IFERROR(INDEX(Listado!$C:$C,MATCH($B68,Listado!$B:$B,0)),"")} -> 2257-610506 | D68: {=IFERROR(INDEX(Listado!$D:$D,MATCH($B68,Listado!$B:$B,0)),"")} -> Calvetti 627 | E68: {=IFERROR(INDEX(Listado!$E:$E,MATCH($B68,Listado!$B:$B,0)),"")} -> 1 | F68: {=IFERROR(INDEX(Listado!$F:$F,MATCH($B68,Listado!$B:$B,0)),"")} -> Alicia
A69: {=IFERROR(INDEX(Listado!$A:$A,MATCH($B69,Listado!$B:$B,0)),"")} -> Guzman Elda Beatriz | B69: 11730341 | C69: {=IFERROR(INDEX(Listado!$C:$C,MATCH($B69,Listado!$B:$B,0)),"")} -> - | D69: {=IFERROR(INDEX(Listado!$D:$D,MATCH($B69,Listado!$B:$B,0)),"")} -> Olmos 290 | E69: {=IFERROR(INDEX(Listado!$E:$E,MATCH($B69,Listado!$B:$B,0)),"")} -> 1 | F69: {=IFERROR(INDEX(Listado!$F:$F,MATCH($B69,Listado!$B:$B,0)),"")} -> Alicia
A70: {=IFERROR(INDEX(Listado!$A:$A,MATCH($B70,Listado!$B:$B,0)),"")} -> Leila Daiana Barrionuevo | B70: 41196195 | C70: {=IFERROR(INDEX(Listado!$C:$C,MATCH($B70,Listado!$B:$B,0)),"")} -> 2257-558726 | D70: {=IFERROR(INDEX(Listado!$D:$D,MATCH($B70,Listado!$B:$B,0)),"")} -> Blanco Encalada 2281 | E70: {=IFERROR(INDEX(Listado!$E:$E,MATCH($B70,Listado!$B:$B,0)),"")} -> 3 | F70: {=IFERROR(INDEX(Listado!$F:$F,MATCH($B70,Listado!$B:$B,0)),"")} -> Alicia
A71: {=IFERROR(INDEX(Listado!$A:$A,MATCH($B71,Listado!$B:$B,0)),"")} -> Veronica Andrea Paszukievicz | B71: 23087773 | C71: {=IFERROR(INDEX(Listado!$C:$C,MATCH($B71,Listado!$B:$B,0)),"")} -> 011-58719913 | D71: {=IFERROR(INDEX(Listado!$D:$D,MATCH($B71,Listado!$B:$B,0)),"")} -> Pueyrredon 520 | E71: {=IFERROR(INDEX(Listado!$E:$E,MATCH($B71,Listado!$B:$B,0)),"")} -> 1 | F71: {=IFERROR(INDEX(Listado!$F:$F,MATCH($B71,Listado!$B:$B,0)),"")} -> Alicia
A72: {=IFERROR(INDEX(Listado!$A:$A,MATCH($B72,Listado!$B:$B,0)),"")} -> Puntilio Maria | B72: 10154202 | C72: {=IFERROR(INDEX(Listado!$C:$C,MATCH($B72,Listado!$B:$B,0)),"")} -> - | D72: {=IFERROR(INDEX(Listado!$D:$D,MATCH($B72,Listado!$B:$B,0)),"")} -> Olmos 218 | E72: {=IFERROR(INDEX(Listado!$E:$E,MATCH($B72,Listado!$B:$B,0)),"")} | F72: {=IFERROR(INDEX(Listado!$F:$F,MATCH($B72,Listado!$B:$B,0)),"")} -> Alicia
A73: {=IFERROR(INDEX(Listado!$A:$A,MATCH($B73,Listado!$B:$B,0)),"")} -> Adriana Soledad Barrientos | B73: 31793216 | C73: {=IFERROR(INDEX(Listado!$C:$C,MATCH($B73,Listado!$B:$B,0)),"")} -> 2257-504967 | D73: {=IFERROR(INDEX(Listado!$D:$D,MATCH($B73,Listado!$B:$B,0)),"")} -> Lobo de Mar 98 | E73: {=IFERROR(INDEX(Listado!$E:$E,MATCH($B73,Listado!$B:$B,0)),"")} -> 3 | F73: {=IFERROR(INDEX(Listado!$F:$F,MATCH($B73,Listado!$B:$B,0)),"")} -> Angeles
A74: {=IFERROR(INDEX(Listado!$A:$A,MATCH($B74,Listado!$B:$B,0)),"")} -> Diego Esteban Tabarez | B74: 31493840 | C74: {=IFERROR(INDEX(Listado!$C:$C,MATCH($B74,Listado!$B:$B,0)),"")} -> 2257-667188 | D74: {=IFERROR(INDEX(Listado!$D:$D,MATCH($B74,Listado!$B:$B,0)),"")} -> Ascasubi 528 | E74: {=IFERROR(INDEX(Listado!$E:$E,MATCH($B74,Listado!$B:$B,0)),"")} -> 4 | F74: {=IFERROR(INDEX(Listado!$F:$F,MATCH($B74,Listado!$B:$B,0)),"")} -> Alicia
A75: {=IFERROR(INDEX(Listado!$A:$A,MATCH($B75,Listado!$B:$B,0)),"")} -> Suarez Iara Sabrina | B75: 41738721 | C75: {=IFERROR(INDEX(Listado!$C:$C,MATCH($B75,Listado!$B:$B,0)),"")} -> 2257-648048 | D75: {=IFERROR(INDEX(Listado!$D:$D,MATCH($B75,Listado!$B:$B,0)),"")} -> Santa Fe 930 | E75: {=IFERROR(INDEX(Listado!$E:$E,MATCH($B75,Listado!$B:$B,0)),"")} -> 3 | F75: {=IFERROR(INDEX(Listado!$F:$F,MATCH($B75,Listado!$B:$B,0)),"")} -> Fabian
A76: {=IFERROR(INDEX(Listado!$A:$A,MATCH($B76,Listado!$B:$B,0)),"")} -> Passarino Marcelo | B76: 17613122 | C76: {=IFERROR(INDEX(Listado!$C:$C,MATCH($B76,Listado!$B:$B,0)),"")} -> 2257-661440 | D76: {=IFERROR(INDEX(Listado!$D:$D,MATCH($B76,Listado!$B:$B,0)),"")} -> Julio Campos 435 | E76: {=IFERROR(INDEX(Listado!$E:$E,MATCH($B76,Listado!$B:$B,0)),"")} -> 2 | F76: {=IFERROR(INDEX(Listado!$F:$F,MATCH($B76,Listado!$B:$B,0)),"")} -> Fabian
... A172: {=IFERROR(INDEX(Listado!$A:$A,MATCH($B172,Listado!$B:$B,0)),"")} | B172: 43406537 | C172: {=IFERROR(INDEX(Listado!$C:$C,MATCH($B172,Listado!$B:$B,0)),"")} | D172: {=IFERROR(INDEX(Listado!$D:$D,MATCH($B172,Listado!$B:$B,0)),"")} | E172: {=IFERROR(INDEX(Listado!$E:$E,MATCH($B172,Listado!$B:$B,0)),"")} | F172: {=IFERROR(INDEX(Listado!$F:$F,MATCH($B172,Listado!$B:$B,0)),"")}
A173: {=IFERROR(INDEX(Listado!$A:$A,MATCH($B173,Listado!$B:$B,0)),"")} -> Pereyra Carla | B173: 25005946 | C173: {=IFERROR(INDEX(Listado!$C:$C,MATCH($B173,Listado!$B:$B,0)),"")} | D173: {=IFERROR(INDEX(Listado!$D:$D,MATCH($B173,Listado!$B:$B,0)),"")} -> La Margarita 484 | E173: {=IFERROR(INDEX(Listado!$E:$E,MATCH($B173,Listado!$B:$B,0)),"")} | F173: Micaela
A174: {=IFERROR(INDEX(Listado!$A:$A,MATCH($B174,Listado!$B:$B,0)),"")} -> Claudia Valentina Gonzalez | B174: 94909695 | C174: {=IFERROR(INDEX(Listado!$C:$C,MATCH($B174,Listado!$B:$B,0)),"")} -> 2257-603411 | D174: {=IFERROR(INDEX(Listado!$D:$D,MATCH($B174,Listado!$B:$B,0)),"")} -> Ascasubi 580 | E174: {=IFERROR(INDEX(Listado!$E:$E,MATCH($B174,Listado!$B:$B,0)),"")} -> 3 | F174: {=IFERROR(INDEX(Listado!$F:$F,MATCH($B174,Listado!$B:$B,0)),"")} -> Alicia
A175: Ibañez Marcelo | B175: 20316058 | C175: {=IFERROR(INDEX(Listado!$C:$C,MATCH($B175,Listado!$B:$B,0)),"")} | D175: Lobo de Mar | E175: {=IFERROR(INDEX(Listado!$E:$E,MATCH($B175,Listado!$B:$B,0)),"")} | F175: Local
A176: {=IFERROR(INDEX(Listado!$A:$A,MATCH($B176,Listado!$B:$B,0)),"")} -> Giselle Scarfo | B176: 35827899 | C176: {=IFERROR(INDEX(Listado!$C:$C,MATCH($B176,Listado!$B:$B,0)),"")} -> - | D176: {=IFERROR(INDEX(Listado!$D:$D,MATCH($B176,Listado!$B:$B,0)),"")} -> Chascomus y Azopardo | E176: {=IFERROR(INDEX(Listado!$E:$E,MATCH($B176,Listado!$B:$B,0)),"")} -> 5 | F176: {=IFERROR(INDEX(Listado!$F:$F,MATCH($B176,Listado!$B:$B,0)),"")} -> Monica
A177: {=IFERROR(INDEX(Listado!$A:$A,MATCH($B177,Listado!$B:$B,0)),"")} | B177: 40256365 | C177: {=IFERROR(INDEX(Listado!$C:$C,MATCH($B177,Listado!$B:$B,0)),"")} | D177: {=IFERROR(INDEX(Listado!$D:$D,MATCH($B177,Listado!$B:$B,0)),"")} | E177: {=IFERROR(INDEX(Listado!$E:$E,MATCH($B177,Listado!$B:$B,0)),"")} | F177: {=IFERROR(INDEX(Listado!$F:$F,MATCH($B177,Listado!$B:$B,0)),"")}
A178: {=IFERROR(INDEX(Listado!$A:$A,MATCH($B178,Listado!$B:$B,0)),"")} -> Aida Elisa Infante | B178: 13755009 | C178: {=IFERROR(INDEX(Listado!$C:$C,MATCH($B178,Listado!$B:$B,0)),"")} -> 2257-412626 | D178: {=IFERROR(INDEX(Listado!$D:$D,MATCH($B178,Listado!$B:$B,0)),"")} -> Cramer 888 | E178: {=IFERROR(INDEX(Listado!$E:$E,MATCH($B178,Listado!$B:$B,0)),"")} -> 4 | F178: {=IFERROR(INDEX(Listado!$F:$F,MATCH($B178,Listado!$B:$B,0)),"")} -> Monica
A179: {=IFERROR(INDEX(Listado!$A:$A,MATCH($B179,Listado!$B:$B,0)),"")} -> Brenda Almiron | B179: 41691265 | C179: {=IFERROR(INDEX(Listado!$C:$C,MATCH($B179,Listado!$B:$B,0)),"")} -> 2257-603274 | D179: {=IFERROR(INDEX(Listado!$D:$D,MATCH($B179,Listado!$B:$B,0)),"")} -> Chascomus 1052 | E179: {=IFERROR(INDEX(Listado!$E:$E,MATCH($B179,Listado!$B:$B,0)),"")} -> 3 | F179: {=IFERROR(INDEX(Listado!$F:$F,MATCH($B179,Listado!$B:$B,0)),"")} -> Monica
A180: {=IFERROR(INDEX(Listado!$A:$A,MATCH($B180,Listado!$B:$B,0)),"")} -> Carina Navia | B180: 36625430 | C180: {=IFERROR(INDEX(Listado!$C:$C,MATCH($B180,Listado!$B:$B,0)),"")} | D180: {=IFERROR(INDEX(Listado!$D:$D,MATCH($B180,Listado!$B:$B,0)),"")} -> Lobo de Mar | E180: {=IFERROR(INDEX(Listado!$E:$E,MATCH($B180,Listado!$B:$B,0)),"")} | F180: {=IFERROR(INDEX(Listado!$F:$F,MATCH($B180,Listado!$B:$B,0)),"")} -> Monica
A181: {=IFERROR(INDEX(Listado!$A:$A,MATCH($B181,Listado!$B:$B,0)),"")} -> Ale Corina | B181: 23296632 | C181: {=IFERROR(INDEX(Listado!$C:$C,MATCH($B181,Listado!$B:$B,0)),"")} -> - | D181: {=IFERROR(INDEX(Listado!$D:$D,MATCH($B181,Listado!$B:$B,0)),"")} -> Julio Campos 160 | E181: {=IFERROR(INDEX(Listado!$E:$E,MATCH($B181,Listado!$B:$B,0)),"")} -> 1 | F181: {=IFERROR(INDEX(Listado!$F:$F,MATCH($B181,Listado!$B:$B,0)),"")} -> Monica
A182: {=IFERROR(INDEX(Listado!$A:$A,MATCH($B182,Listado!$B:$B,0)),"")} | B182: 16805285 | C182: {=IFERROR(INDEX(Listado!$C:$C,MATCH($B182,Listado!$B:$B,0)),"")} | D182: {=IFERROR(INDEX(Listado!$D:$D,MATCH($B182,Listado!$B:$B,0)),"")} | E182: {=IFERROR(INDEX(Listado!$E:$E,MATCH($B182,Listado!$B:$B,0)),"")} | F182: {=IFERROR(INDEX(Listado!$F:$F,MATCH($B182,Listado!$B:$B,0)),"")}
A183: {=IFERROR(INDEX(Listado!$A:$A,MATCH($B183,Listado!$B:$B,0)),"")} -> Susana Medina | B183: 12189252 | C183: {=IFERROR(INDEX(Listado!$C:$C,MATCH($B183,Listado!$B:$B,0)),"")} -> 2257-313907 | D183: {=IFERROR(INDEX(Listado!$D:$D,MATCH($B183,Listado!$B:$B,0)),"")} -> Azopardo2458 | E183: {=IFERROR(INDEX(Listado!$E:$E,MATCH($B183,Listado!$B:$B,0)),"")} -> 2 | F183: {=IFERROR(INDEX(Listado!$F:$F,MATCH($B183,Listado!$B:$B,0)),"")} -> Monica
A184: {=IFERROR(INDEX(Listado!$A:$A,MATCH($B184,Listado!$B:$B,0)),"")} -> Giselle Scarfo | B184: 35827899 | C184: {=IFERROR(INDEX(Listado!$C:$C,MATCH($B184,Listado!$B:$B,0)),"")} -> - | D184: {=IFERROR(INDEX(Listado!$D:$D,MATCH($B184,Listado!$B:$B,0)),"")} -> Chascomus y Azopardo | E184: {=IFERROR(INDEX(Listado!$E:$E,MATCH($B184,Listado!$B:$B,0)),"")} -> 5 | F184: {=IFERROR(INDEX(Listado!$F:$F,MATCH($B184,Listado!$B:$B,0)),"")} -> Monica
A185: {=IFERROR(INDEX(Listado!$A:$A,MATCH($B185,Listado!$B:$B,0)),"")} -> Juan Dario Barrionuevo | B185: 30680085 | C185: {=IFERROR(INDEX(Listado!$C:$C,MATCH($B185,Listado!$B:$B,0)),"")} -> - | D185: {=IFERROR(INDEX(Listado!$D:$D,MATCH($B185,Listado!$B:$B,0)),"")} -> Ascasubi 464 | E185: {=IFERROR(INDEX(Listado!$E:$E,MATCH($B185,Listado!$B:$B,0)),"")} -> 2 | F185: {=IFERROR(INDEX(Listado!$F:$F,MATCH($B185,Listado!$B:$B,0)),"")} -> Angeles
A186: {=IFERROR(INDEX(Listado!$A:$A,MATCH($B186,Listado!$B:$B,0)),"")} -> Maria Nuñez | B186: 20973885 | C186: {=IFERROR(INDEX(Listado!$C:$C,MATCH($B186,Listado!$B:$B,0)),"")} -> - | D186: {=IFERROR(INDEX(Listado!$D:$D,MATCH($B186,Listado!$B:$B,0)),"")} -> Olmos 773 | E186: {=IFERROR(INDEX(Listado!$E:$E,MATCH($B186,Listado!$B:$B,0)),"")} -> 2 | F186: {=IFERROR(INDEX(Listado!$F:$F,MATCH($B186,Listado!$B:$B,0)),"")} -> Monica
A187: {=IFERROR(INDEX(Listado!$A:$A,MATCH($B187,Listado!$B:$B,0)),"")} | B187: 5795569 | C187: {=IFERROR(INDEX(Listado!$C:$C,MATCH($B187,Listado!$B:$B,0)),"")} | D187: {=IFERROR(INDEX(Listado!$D:$D,MATCH($B187,Listado!$B:$B,0)),"")} | E187: {=IFERROR(INDEX(Listado!$E:$E,MATCH($B187,Listado!$B:$B,0)),"")} | F187: {=IFERROR(INDEX(Listado!$F:$F,MATCH($B187,Listado!$B:$B,0)),"")}
... A209: {=IFERROR(INDEX(Listado!$A:$A,MATCH($B209,Listado!$B:$B,0)),"")} -> Astudillo Delmirio Alfredo | B209: 13270186 | C209: {=IFERROR(INDEX(Listado!$C:$C,MATCH($B209,Listado!$B:$B,0)),"")} | D209: {=IFERROR(INDEX(Listado!$D:$D,MATCH($B209,Listado!$B:$B,0)),"")} -> Pueyrredon y Olmos casa 22 | E209: {=IFERROR(INDEX(Listado!$E:$E,MATCH($B209,Listado!$B:$B,0)),"")} | F209: {=IFERROR(INDEX(Listado!$F:$F,MATCH($B209,Listado!$B:$B,0)),"")} -> Laura
A210: Freire Matias | B210: 30533742 | C210: {=IFERROR(INDEX(Listado!$C:$C,MATCH($B210,Listado!$B:$B,0)),"")} | D210: Azopardo 270 | E210: {=IFERROR(INDEX(Listado!$E:$E,MATCH($B210,Listado!$B:$B,0)),"")} | F210: Local
A211: {=IFERROR(INDEX(Listado!$A:$A,MATCH($B211,Listado!$B:$B,0)),"")} -> Adriana Veronica Mesandes | B211: 32466821 | C211: {=IFERROR(INDEX(Listado!$C:$C,MATCH($B211,Listado!$B:$B,0)),"")} -> 2257-662441 | D211: {=IFERROR(INDEX(Listado!$D:$D,MATCH($B211,Listado!$B:$B,0)),"")} -> Espora 2578 | E211: {=IFERROR(INDEX(Listado!$E:$E,MATCH($B211,Listado!$B:$B,0)),"")} -> 5 | F211: {=IFERROR(INDEX(Listado!$F:$F,MATCH($B211,Listado!$B:$B,0)),"")} -> Laura
A212: David Rafaelino | B212: 29468139 | C212: {=IFERROR(INDEX(Listado!$C:$C,MATCH($B212,Listado!$B:$B,0)),"")} | D212: Rivadavia 537 | E212: {=IFERROR(INDEX(Listado!$E:$E,MATCH($B212,Listado!$B:$B,0)),"")} | F212: Local
A213: {=IFERROR(INDEX(Listado!$A:$A,MATCH($B213,Listado!$B:$B,0)),"")} -> Maggioni Joana Aylen | B213: 40971441 | C213: {=IFERROR(INDEX(Listado!$C:$C,MATCH($B213,Listado!$B:$B,0)),"")} -> 2257669567 | D213: {=IFERROR(INDEX(Listado!$D:$D,MATCH($B213,Listado!$B:$B,0)),"")} -> Margarita 803 | E213: {=IFERROR(INDEX(Listado!$E:$E,MATCH($B213,Listado!$B:$B,0)),"")} -> 5 | F213: {=IFERROR(INDEX(Listado!$F:$F,MATCH($B213,Listado!$B:$B,0)),"")} -> Sofia
A214: {=IFERROR(INDEX(Listado!$A:$A,MATCH($B214,Listado!$B:$B,0)),"")} -> Veroniza Diaz | B214: 23090738 | C214: {=IFERROR(INDEX(Listado!$C:$C,MATCH($B214,Listado!$B:$B,0)),"")} | D214: {=IFERROR(INDEX(Listado!$D:$D,MATCH($B214,Listado!$B:$B,0)),"")} | E214: {=IFERROR(INDEX(Listado!$E:$E,MATCH($B214,Listado!$B:$B,0)),"")} -> 4 | F214: {=IFERROR(INDEX(Listado!$F:$F,MATCH($B214,Listado!$B:$B,0)),"")} -> Monica
A215: {=IFERROR(INDEX(Listado!$A:$A,MATCH($B215,Listado!$B:$B,0)),"")} | B215: 5795569 | C215: {=IFERROR(INDEX(Listado!$C:$C,MATCH($B215,Listado!$B:$B,0)),"")} | D215: {=IFERROR(INDEX(Listado!$D:$D,MATCH($B215,Listado!$B:$B,0)),"")} | E215: {=IFERROR(INDEX(Listado!$E:$E,MATCH($B215,Listado!$B:$B,0)),"")} | F215: {=IFERROR(INDEX(Listado!$F:$F,MATCH($B215,Listado!$B:$B,0)),"")}
A216: {=IFERROR(INDEX(Listado!$A:$A,MATCH($B216,Listado!$B:$B,0)),"")} -> Lugo Malvina | B216: 33190297 | C216: {=IFERROR(INDEX(Listado!$C:$C,MATCH($B216,Listado!$B:$B,0)),"")} -> 2257550895 | D216: {=IFERROR(INDEX(Listado!$D:$D,MATCH($B216,Listado!$B:$B,0)),"")} -> Drumond 1077 | E216: {=IFERROR(INDEX(Listado!$E:$E,MATCH($B216,Listado!$B:$B,0)),"")} -> 5 | F216: {=IFERROR(INDEX(Listado!$F:$F,MATCH($B216,Listado!$B:$B,0)),"")} -> Tamara
A217: {=IFERROR(INDEX(Listado!$A:$A,MATCH($B217,Listado!$B:$B,0)),"")} -> Dalma Paniagua | B217: 40409044 | C217: {=IFERROR(INDEX(Listado!$C:$C,MATCH($B217,Listado!$B:$B,0)),"")} | D217: {=IFERROR(INDEX(Listado!$D:$D,MATCH($B217,Listado!$B:$B,0)),"")} -> Querini entre el cano y Gaboto | E217: {=IFERROR(INDEX(Listado!$E:$E,MATCH($B217,Listado!$B:$B,0)),"")} | F217: {=IFERROR(INDEX(Listado!$F:$F,MATCH($B217,Listado!$B:$B,0)),"")} -> Tamara
A218: {=IFERROR(INDEX(Listado!$A:$A,MATCH($B218,Listado!$B:$B,0)),"")} -> Sanabria Hector Daniel | B218: 30680037 | C218: {=IFERROR(INDEX(Listado!$C:$C,MATCH($B218,Listado!$B:$B,0)),"")} -> 2257665626 | D218: {=IFERROR(INDEX(Listado!$D:$D,MATCH($B218,Listado!$B:$B,0)),"")} -> Caseros 527 | E218: {=IFERROR(INDEX(Listado!$E:$E,MATCH($B218,Listado!$B:$B,0)),"")} -> 5 | F218: {=IFERROR(INDEX(Listado!$F:$F,MATCH($B218,Listado!$B:$B,0)),"")} -> Tamara
A219: {=IFERROR(INDEX(Listado!$A:$A,MATCH($B219,Listado!$B:$B,0)),"")} -> Cerutti Maria Eugenia | B219: 31348409 | C219: {=IFERROR(INDEX(Listado!$C:$C,MATCH($B219,Listado!$B:$B,0)),"")} -> 2257521785 | D219: {=IFERROR(INDEX(Listado!$D:$D,MATCH($B219,Listado!$B:$B,0)),"")} -> Ramos Mejia 789 | E219: {=IFERROR(INDEX(Listado!$E:$E,MATCH($B219,Listado!$B:$B,0)),"")} -> 4 | F219: {=IFERROR(INDEX(Listado!$F:$F,MATCH($B219,Listado!$B:$B,0)),"")} -> Tamara
A220: {=IFERROR(INDEX(Listado!$A:$A,MATCH($B220,Listado!$B:$B,0)),"")} -> Carranza Andrea Fabiana | B220: 21593921 | C220: {=IFERROR(INDEX(Listado!$C:$C,MATCH($B220,Listado!$B:$B,0)),"")} -> 2257531025 | D220: {=IFERROR(INDEX(Listado!$D:$D,MATCH($B220,Listado!$B:$B,0)),"")} -> Lugones 371 | E220: {=IFERROR(INDEX(Listado!$E:$E,MATCH($B220,Listado!$B:$B,0)),"")} -> 3 | F220: {=IFERROR(INDEX(Listado!$F:$F,MATCH($B220,Listado!$B:$B,0)),"")} -> Tamara
A221: {=IFERROR(INDEX(Listado!$A:$A,MATCH($B221,Listado!$B:$B,0)),"")} -> Cerutti Marcela Ida | B221: 18674324 | C221: {=IFERROR(INDEX(Listado!$C:$C,MATCH($B221,Listado!$B:$B,0)),"")} -> 2257521785 | D221: {=IFERROR(INDEX(Listado!$D:$D,MATCH($B221,Listado!$B:$B,0)),"")} -> Olmos 684 | E221: {=IFERROR(INDEX(Listado!$E:$E,MATCH($B221,Listado!$B:$B,0)),"")} -> 2 | F221: {=IFERROR(INDEX(Listado!$F:$F,MATCH($B221,Listado!$B:$B,0)),"")} -> Tamara
A222: {=IFERROR(INDEX(Listado!$A:$A,MATCH($B222,Listado!$B:$B,0)),"")} -> Suarez Adriana Yesica | B222: 40021622 | C222: {=IFERROR(INDEX(Listado!$C:$C,MATCH($B222,Listado!$B:$B,0)),"")} -> - | D222: {=IFERROR(INDEX(Listado!$D:$D,MATCH($B222,Listado!$B:$B,0)),"")} -> Olmos 684 | E222: {=IFERROR(INDEX(Listado!$E:$E,MATCH($B222,Listado!$B:$B,0)),"")} -> 4 | F222: {=IFERROR(INDEX(Listado!$F:$F,MATCH($B222,Listado!$B:$B,0)),"")} -> Tamara
A223: {=IFERROR(INDEX(Listado!$A:$A,MATCH($B223,Listado!$B:$B,0)),"")} -> Gil Milagros Antonella | B223: 44871672 | C223: {=IFERROR(INDEX(Listado!$C:$C,MATCH($B223,Listado!$B:$B,0)),"")} -> 2257532346 | D223: {=IFERROR(INDEX(Listado!$D:$D,MATCH($B223,Listado!$B:$B,0)),"")} -> Gaboto 3252 | E223: {=IFERROR(INDEX(Listado!$E:$E,MATCH($B223,Listado!$B:$B,0)),"")} -> 6 | F223: {=IFERROR(INDEX(Listado!$F:$F,MATCH($B223,Listado!$B:$B,0)),"")} -> Tamara
A224: {=IFERROR(INDEX(Listado!$A:$A,MATCH($B224,Listado!$B:$B,0)),"")} -> Baez Romina Isabel | B224: 41076779 | C224: {=IFERROR(INDEX(Listado!$C:$C,MATCH($B224,Listado!$B:$B,0)),"")} -> 2257601017 | D224: {=IFERROR(INDEX(Listado!$D:$D,MATCH($B224,Listado!$B:$B,0)),"")} -> Cramer 121 | E224: {=IFERROR(INDEX(Listado!$E:$E,MATCH($B224,Listado!$B:$B,0)),"")} -> 6 | F224: {=IFERROR(INDEX(Listado!$F:$F,MATCH($B224,Listado!$B:$B,0)),"")} -> Tamara
... A297: {=IFERROR(INDEX(Listado!$A:$A,MATCH($B297,Listado!$B:$B,0)),"")} -> Milagros Muñoz | B297: 44335245 | C297: {=IFERROR(INDEX(Listado!$C:$C,MATCH($B297,Listado!$B:$B,0)),"")} -> 2257-646985 | D297: {=IFERROR(INDEX(Listado!$D:$D,MATCH($B297,Listado!$B:$B,0)),"")} -> Lobo de Mar 1450 | E297: {=IFERROR(INDEX(Listado!$E:$E,MATCH($B297,Listado!$B:$B,0)),"")} -> 3 | F297: {=IFERROR(INDEX(Listado!$F:$F,MATCH($B297,Listado!$B:$B,0)),"")} -> Angeles
A298: Eber Estigarribia | C298: {=IFERROR(INDEX(Listado!$C:$C,MATCH($B298,Listado!$B:$B,0)),"")} | D298: {=IFERROR(INDEX(Listado!$D:$D,MATCH($B298,Listado!$B:$B,0)),"")} | E298: {=IFERROR(INDEX(Listado!$E:$E,MATCH($B298,Listado!$B:$B,0)),"")} | F298: Angeles
A299: {=IFERROR(INDEX(Listado!$A:$A,MATCH($B299,Listado!$B:$B,0)),"")} -> Antonela Jara | B299: 41004009 | C299: {=IFERROR(INDEX(Listado!$C:$C,MATCH($B299,Listado!$B:$B,0)),"")} | D299: {=IFERROR(INDEX(Listado!$D:$D,MATCH($B299,Listado!$B:$B,0)),"")} | E299: {=IFERROR(INDEX(Listado!$E:$E,MATCH($B299,Listado!$B:$B,0)),"")} | F299: {=IFERROR(INDEX(Listado!$F:$F,MATCH($B299,Listado!$B:$B,0)),"")} -> Angeles
A300: {=IFERROR(INDEX(Listado!$A:$A,MATCH($B300,Listado!$B:$B,0)),"")} -> Rosa Lidia Ojeda | B300: 12735555 | C300: {=IFERROR(INDEX(Listado!$C:$C,MATCH($B300,Listado!$B:$B,0)),"")} -> 2257-637068 | D300: {=IFERROR(INDEX(Listado!$D:$D,MATCH($B300,Listado!$B:$B,0)),"")} -> Colon 650 | E300: {=IFERROR(INDEX(Listado!$E:$E,MATCH($B300,Listado!$B:$B,0)),"")} -> 2 | F300: {=IFERROR(INDEX(Listado!$F:$F,MATCH($B300,Listado!$B:$B,0)),"")} -> Angeles
A301: {=IFERROR(INDEX(Listado!$A:$A,MATCH($B301,Listado!$B:$B,0)),"")} -> Yanina Ibarola | B301: 32648821 | C301: {=IFERROR(INDEX(Listado!$C:$C,MATCH($B301,Listado!$B:$B,0)),"")} -> 2257-520465 | D301: {=IFERROR(INDEX(Listado!$D:$D,MATCH($B301,Listado!$B:$B,0)),"")} -> Lobo de Mar 240 | E301: {=IFERROR(INDEX(Listado!$E:$E,MATCH($B301,Listado!$B:$B,0)),"")} -> 3 | F301: {=IFERROR(INDEX(Listado!$F:$F,MATCH($B301,Listado!$B:$B,0)),"")} -> Angeles
A302: {=IFERROR(INDEX(Listado!$A:$A,MATCH($B302,Listado!$B:$B,0)),"")} -> Ludmila Coronel | B302: 46682659 | C302: {=IFERROR(INDEX(Listado!$C:$C,MATCH($B302,Listado!$B:$B,0)),"")} -> 2257-507744 | D302: {=IFERROR(INDEX(Listado!$D:$D,MATCH($B302,Listado!$B:$B,0)),"")} -> Palacios 610 | E302: {=IFERROR(INDEX(Listado!$E:$E,MATCH($B302,Listado!$B:$B,0)),"")} -> 3 | F302: {=IFERROR(INDEX(Listado!$F:$F,MATCH($B302,Listado!$B:$B,0)),"")} -> Angeles
...

Sheet Mercadería 130825 
A1: NOMBRE Y APELLIDO | B1: DNI | C1: CONTACTO | D1: DIRECCION | E1: COMP. FAMILIAR | F1: RESPONSABLE
A2: {=IFERROR(INDEX(Listado!$A:$A,MATCH($B2,Listado!$B:$B,0)),"")} -> Javier Caeta | B2: 16105512 | C2: - | D2: {=IFERROR(INDEX(Listado!$D:$D,MATCH($B2,Listado!$B:$B,0)),"")} -> Pueyrredon 550 | E2: {=IFERROR(INDEX(Listado!$E:$E,MATCH($B2,Listado!$B:$B,0)),"")} -> 1 | F2: {=IFERROR(INDEX(Listado!$F:$F,MATCH($B2,Listado!$B:$B,0)),"")} -> Sandra
A3: {=IFERROR(INDEX(Listado!$A:$A,MATCH($B3,Listado!$B:$B,0)),"")} -> Mabel Mamani | B3: 17081720 | C3: {=IFERROR(INDEX(Listado!$C:$C,MATCH($B3,Listado!$B:$B,0)),"")} -> - | D3: {=IFERROR(INDEX(Listado!$D:$D,MATCH($B3,Listado!$B:$B,0)),"")} -> Salta 2465 | E3: {=IFERROR(INDEX(Listado!$E:$E,MATCH($B3,Listado!$B:$B,0)),"")} -> 4 | F3: {=IFERROR(INDEX(Listado!$F:$F,MATCH($B3,Listado!$B:$B,0)),"")} -> Monica
A4: {=IFERROR(INDEX(Listado!$A:$A,MATCH($B4,Listado!$B:$B,0)),"")} -> Sandra Espindola | B4: 94718024 | C4: {=IFERROR(INDEX(Listado!$C:$C,MATCH($B4,Listado!$B:$B,0)),"")} -> 2257-537826 | D4: {=IFERROR(INDEX(Listado!$D:$D,MATCH($B4,Listado!$B:$B,0)),"")} -> Chascomus 698 | E4: {=IFERROR(INDEX(Listado!$E:$E,MATCH($B4,Listado!$B:$B,0)),"")} -> 4 | F4: {=IFERROR(INDEX(Listado!$F:$F,MATCH($B4,Listado!$B:$B,0)),"")} -> Victoria
A5: {=IFERROR(INDEX(Listado!$A:$A,MATCH($B5,Listado!$B:$B,0)),"")} | B5: 46632105 | C5: {=IFERROR(INDEX(Listado!$C:$C,MATCH($B5,Listado!$B:$B,0)),"")} | D5: {=IFERROR(INDEX(Listado!$D:$D,MATCH($B5,Listado!$B:$B,0)),"")} | E5: {=IFERROR(INDEX(Listado!$E:$E,MATCH($B5,Listado!$B:$B,0)),"")} | F5: {=IFERROR(INDEX(Listado!$F:$F,MATCH($B5,Listado!$B:$B,0)),"")}
A6: {=IFERROR(INDEX(Listado!$A:$A,MATCH($B6,Listado!$B:$B,0)),"")} -> Denis Moyano | B6: 40302862 | C6: {=IFERROR(INDEX(Listado!$C:$C,MATCH($B6,Listado!$B:$B,0)),"")} -> 2257-408408 | D6: {=IFERROR(INDEX(Listado!$D:$D,MATCH($B6,Listado!$B:$B,0)),"")} -> Ramos Mejia 2434 | E6: {=IFERROR(INDEX(Listado!$E:$E,MATCH($B6,Listado!$B:$B,0)),"")} -> 3 | F6: {=IFERROR(INDEX(Listado!$F:$F,MATCH($B6,Listado!$B:$B,0)),"")} -> Alicia
A7: {=IFERROR(INDEX(Listado!$A:$A,MATCH($B7,Listado!$B:$B,0)),"")} -> Dora Funes | B7: 27283186 | C7: {=IFERROR(INDEX(Listado!$C:$C,MATCH($B7,Listado!$B:$B,0)),"")} -> 2257-408408 | D7: {=IFERROR(INDEX(Listado!$D:$D,MATCH($B7,Listado!$B:$B,0)),"")} -> Caseros 150 | E7: {=IFERROR(INDEX(Listado!$E:$E,MATCH($B7,Listado!$B:$B,0)),"")} -> 4 | F7: {=IFERROR(INDEX(Listado!$F:$F,MATCH($B7,Listado!$B:$B,0)),"")} -> Alicia
A8: {=IFERROR(INDEX(Listado!$A:$A,MATCH($B8,Listado!$B:$B,0)),"")} -> Marcela Blanco | B8: 33342388 | C8: {=IFERROR(INDEX(Listado!$C:$C,MATCH($B8,Listado!$B:$B,0)),"")} -> 2257-599517 | D8: {=IFERROR(INDEX(Listado!$D:$D,MATCH($B8,Listado!$B:$B,0)),"")} -> Pueyrredon 1435 | E8: {=IFERROR(INDEX(Listado!$E:$E,MATCH($B8,Listado!$B:$B,0)),"")} -> 8 | F8: {=IFERROR(INDEX(Listado!$F:$F,MATCH($B8,Listado!$B:$B,0)),"")} -> Angeles
A9: {=IFERROR(INDEX(Listado!$A:$A,MATCH($B9,Listado!$B:$B,0)),"")} -> Mara Alexandra Jaimez | B9: 40753683 | C9: {=IFERROR(INDEX(Listado!$C:$C,MATCH($B9,Listado!$B:$B,0)),"")} -> 11-44048500 | D9: {=IFERROR(INDEX(Listado!$D:$D,MATCH($B9,Listado!$B:$B,0)),"")} -> Caseros 1452 | E9: {=IFERROR(INDEX(Listado!$E:$E,MATCH($B9,Listado!$B:$B,0)),"")} -> 2 | F9: {=IFERROR(INDEX(Listado!$F:$F,MATCH($B9,Listado!$B:$B,0)),"")} -> Luciana
A10: {=IFERROR(INDEX(Listado!$A:$A,MATCH($B10,Listado!$B:$B,0)),"")} -> Valor Penolope | B10: 40236566 | C10: {=IFERROR(INDEX(Listado!$C:$C,MATCH($B10,Listado!$B:$B,0)),"")} -> 2257-602744 | D10: {=IFERROR(INDEX(Listado!$D:$D,MATCH($B10,Listado!$B:$B,0)),"")} -> La margarita 785 | E10: {=IFERROR(INDEX(Listado!$E:$E,MATCH($B10,Listado!$B:$B,0)),"")} -> 2 | F10: {=IFERROR(INDEX(Listado!$F:$F,MATCH($B10,Listado!$B:$B,0)),"")} -> Fabian
A11: {=IFERROR(INDEX(Listado!$A:$A,MATCH($B11,Listado!$B:$B,0)),"")} -> Norma Macias | B11: 21976459 | C11: {=IFERROR(INDEX(Listado!$C:$C,MATCH($B11,Listado!$B:$B,0)),"")} -> 011-24603441 | D11: {=IFERROR(INDEX(Listado!$D:$D,MATCH($B11,Listado!$B:$B,0)),"")} -> Libres del Sur 308 | E11: {=IFERROR(INDEX(Listado!$E:$E,MATCH($B11,Listado!$B:$B,0)),"")} -> 2 | F11: {=IFERROR(INDEX(Listado!$F:$F,MATCH($B11,Listado!$B:$B,0)),"")} -> Angeles
A12: {=IFERROR(INDEX(Listado!$A:$A,MATCH($B12,Listado!$B:$B,0)),"")} -> Mauro Natalia | B12: 23847108 | C12: {=IFERROR(INDEX(Listado!$C:$C,MATCH($B12,Listado!$B:$B,0)),"")} -> 11-65421852 | D12: {=IFERROR(INDEX(Listado!$D:$D,MATCH($B12,Listado!$B:$B,0)),"")} -> Fco. Carreras 3367 | E12: {=IFERROR(INDEX(Listado!$E:$E,MATCH($B12,Listado!$B:$B,0)),"")} -> 1 | F12: {=IFERROR(INDEX(Listado!$F:$F,MATCH($B12,Listado!$B:$B,0)),"")} -> Fabian
A13: {=IFERROR(INDEX(Listado!$A:$A,MATCH($B13,Listado!$B:$B,0)),"")} | B13: 40978001 | C13: {=IFERROR(INDEX(Listado!$C:$C,MATCH($B13,Listado!$B:$B,0)),"")} | D13: {=IFERROR(INDEX(Listado!$D:$D,MATCH($B13,Listado!$B:$B,0)),"")} | E13: {=IFERROR(INDEX(Listado!$E:$E,MATCH($B13,Listado!$B:$B,0)),"")} | F13: {=IFERROR(INDEX(Listado!$F:$F,MATCH($B13,Listado!$B:$B,0)),"")}
A14: {=IFERROR(INDEX(Listado!$A:$A,MATCH($B14,Listado!$B:$B,0)),"")} -> Marta Mirta Carrizo | B14: 6168171 | C14: {=IFERROR(INDEX(Listado!$C:$C,MATCH($B14,Listado!$B:$B,0)),"")} -> 2257-660736 | D14: {=IFERROR(INDEX(Listado!$D:$D,MATCH($B14,Listado!$B:$B,0)),"")} -> Olmos y Pueyrredon 15 (Casa 15) | E14: {=IFERROR(INDEX(Listado!$E:$E,MATCH($B14,Listado!$B:$B,0)),"")} -> 5 | F14: {=IFERROR(INDEX(Listado!$F:$F,MATCH($B14,Listado!$B:$B,0)),"")} -> Elena
... A121: {=IFERROR(INDEX(Listado!$A:$A,MATCH($B121,Listado!$B:$B,0)),"")} -> Eliana Anahi Rodriguez | B121: 33329437 | C121: {=IFERROR(INDEX(Listado!$C:$C,MATCH($B121,Listado!$B:$B,0)),"")} -> 2257-544422 | D121: {=IFERROR(INDEX(Listado!$D:$D,MATCH($B121,Listado!$B:$B,0)),"")} -> Saconi 1844 | E121: {=IFERROR(INDEX(Listado!$E:$E,MATCH($B121,Listado!$B:$B,0)),"")} -> 3 | F121: {=IFERROR(INDEX(Listado!$F:$F,MATCH($B121,Listado!$B:$B,0)),"")} -> Silvia
A122: Martinez Brenda | B122: 41876296 | C122: 2257-500605 | D122: El Ancla 368 | E122: 5 | F122: Lucia
A123: Lucas Herrera | B123: 44240887 | C123: 2257-412324 | D123: Ascasubi 570 | E123: 3 | F123: Victoria
A124: {=IFERROR(INDEX(Listado!$A:$A,MATCH($B124,Listado!$B:$B,0)),"")} -> Ubiedo Erica Roxana | B124: 40256354 | C124: {=IFERROR(INDEX(Listado!$C:$C,MATCH($B124,Listado!$B:$B,0)),"")} -> 2257669405 | D124: {=IFERROR(INDEX(Listado!$D:$D,MATCH($B124,Listado!$B:$B,0)),"")} -> Los Andes 2078 (Casa 2) | E124: {=IFERROR(INDEX(Listado!$E:$E,MATCH($B124,Listado!$B:$B,0)),"")} -> 4 | F124: {=IFERROR(INDEX(Listado!$F:$F,MATCH($B124,Listado!$B:$B,0)),"")} -> Tamara
A125: {=IFERROR(INDEX(Listado!$A:$A,MATCH($B125,Listado!$B:$B,0)),"")} -> Sarmiento Claudio | B125: 45519987 | C125: {=IFERROR(INDEX(Listado!$C:$C,MATCH($B125,Listado!$B:$B,0)),"")} -> 2257556005 | D125: {=IFERROR(INDEX(Listado!$D:$D,MATCH($B125,Listado!$B:$B,0)),"")} -> Los Andes 2078 (Casa 1) | E125: {=IFERROR(INDEX(Listado!$E:$E,MATCH($B125,Listado!$B:$B,0)),"")} -> 4 | F125: {=IFERROR(INDEX(Listado!$F:$F,MATCH($B125,Listado!$B:$B,0)),"")} -> Tamara
A126: {=IFERROR(INDEX(Listado!$A:$A,MATCH($B126,Listado!$B:$B,0)),"")} -> Mariana Cabrera | B126: 44520581 | C126: {=IFERROR(INDEX(Listado!$C:$C,MATCH($B126,Listado!$B:$B,0)),"")} -> 2257-552145 | D126: {=IFERROR(INDEX(Listado!$D:$D,MATCH($B126,Listado!$B:$B,0)),"")} -> Chascomus 698 | E126: {=IFERROR(INDEX(Listado!$E:$E,MATCH($B126,Listado!$B:$B,0)),"")} -> 2 | F126: {=IFERROR(INDEX(Listado!$F:$F,MATCH($B126,Listado!$B:$B,0)),"")} -> Luciana
A127: {=IFERROR(INDEX(Listado!$A:$A,MATCH($B127,Listado!$B:$B,0)),"")} -> Barragan Analia Elizabeth | B127: 29211601 | C127: {=IFERROR(INDEX(Listado!$C:$C,MATCH($B127,Listado!$B:$B,0)),"")} -> 2257-637852 | D127: {=IFERROR(INDEX(Listado!$D:$D,MATCH($B127,Listado!$B:$B,0)),"")} -> montevideo 1455 | E127: {=IFERROR(INDEX(Listado!$E:$E,MATCH($B127,Listado!$B:$B,0)),"")} -> 2 | F127: {=IFERROR(INDEX(Listado!$F:$F,MATCH($B127,Listado!$B:$B,0)),"")} -> Fabian
A128: {=IFERROR(INDEX(Listado!$A:$A,MATCH($B128,Listado!$B:$B,0)),"")} -> Camila Zieziulewicz | B128: 39066542 | C128: {=IFERROR(INDEX(Listado!$C:$C,MATCH($B128,Listado!$B:$B,0)),"")} -> - | D128: {=IFERROR(INDEX(Listado!$D:$D,MATCH($B128,Listado!$B:$B,0)),"")} -> Lugones 402 | E128: {=IFERROR(INDEX(Listado!$E:$E,MATCH($B128,Listado!$B:$B,0)),"")} -> 4 | F128: {=IFERROR(INDEX(Listado!$F:$F,MATCH($B128,Listado!$B:$B,0)),"")} -> Monica
A129: Galarza Isabel | B129: 26935088 | C129: 2257-602669 | D129: Fco. Carreras 1727 | E129: 2 | F129: {=IFERROR(INDEX(Listado!$F:$F,MATCH($B129,Listado!$B:$B,0)),"")} -> Monica
A130: {=IFERROR(INDEX(Listado!$A:$A,MATCH($B130,Listado!$B:$B,0)),"")} -> Cabrera Myrna Solange | B130: 35085143 | C130: {=IFERROR(INDEX(Listado!$C:$C,MATCH($B130,Listado!$B:$B,0)),"")} -> 1173685154 | D130: {=IFERROR(INDEX(Listado!$D:$D,MATCH($B130,Listado!$B:$B,0)),"")} -> Gaboto 2123 | E130: {=IFERROR(INDEX(Listado!$E:$E,MATCH($B130,Listado!$B:$B,0)),"")} -> 6 | F130: {=IFERROR(INDEX(Listado!$F:$F,MATCH($B130,Listado!$B:$B,0)),"")} -> Tamara
A131: {=IFERROR(INDEX(Listado!$A:$A,MATCH($B131,Listado!$B:$B,0)),"")} -> Barzala Felicia | B131: 42762556 | C131: {=IFERROR(INDEX(Listado!$C:$C,MATCH($B131,Listado!$B:$B,0)),"")} -> 2254423261 | D131: {=IFERROR(INDEX(Listado!$D:$D,MATCH($B131,Listado!$B:$B,0)),"")} -> Santiago del Estero y Falkner | E131: {=IFERROR(INDEX(Listado!$E:$E,MATCH($B131,Listado!$B:$B,0)),"")} -> 4 | F131: {=IFERROR(INDEX(Listado!$F:$F,MATCH($B131,Listado!$B:$B,0)),"")} -> Tamara
A132: {=IFERROR(INDEX(Listado!$A:$A,MATCH($B132,Listado!$B:$B,0)),"")} -> Victor Emanuel Montenegro | B132: 39151179 | C132: {=IFERROR(INDEX(Listado!$C:$C,MATCH($B132,Listado!$B:$B,0)),"")} -> - | D132: {=IFERROR(INDEX(Listado!$D:$D,MATCH($B132,Listado!$B:$B,0)),"")} -> El Ancla 1447 | E132: {=IFERROR(INDEX(Listado!$E:$E,MATCH($B132,Listado!$B:$B,0)),"")} -> 4 | F132: {=IFERROR(INDEX(Listado!$F:$F,MATCH($B132,Listado!$B:$B,0)),"")} -> Marcia
A133: {=IFERROR(INDEX(Listado!$A:$A,MATCH($B133,Listado!$B:$B,0)),"")} -> Wilma Villalba Ledezma | B133: 94586975 | C133: {=IFERROR(INDEX(Listado!$C:$C,MATCH($B133,Listado!$B:$B,0)),"")} -> 2257-555383 | D133: {=IFERROR(INDEX(Listado!$D:$D,MATCH($B133,Listado!$B:$B,0)),"")} -> Madariaga 1250 | E133: {=IFERROR(INDEX(Listado!$E:$E,MATCH($B133,Listado!$B:$B,0)),"")} -> 4 | F133: {=IFERROR(INDEX(Listado!$F:$F,MATCH($B133,Listado!$B:$B,0)),"")} -> Luciana
A134: {=IFERROR(INDEX(Listado!$A:$A,MATCH($B134,Listado!$B:$B,0)),"")} -> Vivas Celeste | B134: 42622757 | C134: {=IFERROR(INDEX(Listado!$C:$C,MATCH($B134,Listado!$B:$B,0)),"")} -> 2257683358 | D134: {=IFERROR(INDEX(Listado!$D:$D,MATCH($B134,Listado!$B:$B,0)),"")} -> Marano 1477 | E134: {=IFERROR(INDEX(Listado!$E:$E,MATCH($B134,Listado!$B:$B,0)),"")} -> 3 | F134: {=IFERROR(INDEX(Listado!$F:$F,MATCH($B134,Listado!$B:$B,0)),"")} -> Tamara
A135: {=IFERROR(INDEX(Listado!$A:$A,MATCH($B135,Listado!$B:$B,0)),"")} -> Ortiz Natalia | B135: 33738927 | C135: {=IFERROR(INDEX(Listado!$C:$C,MATCH($B135,Listado!$B:$B,0)),"")} -> 2257556242 | D135: {=IFERROR(INDEX(Listado!$D:$D,MATCH($B135,Listado!$B:$B,0)),"")} -> Lebenson 554 | E135: {=IFERROR(INDEX(Listado!$E:$E,MATCH($B135,Listado!$B:$B,0)),"")} -> 3 | F135: {=IFERROR(INDEX(Listado!$F:$F,MATCH($B135,Listado!$B:$B,0)),"")} -> Sofia
A136: Meccia Ruben | B136: 307639 | C136: 2257-523162 | D136: Dolores 620 | E136: 2 | F136: Romina
A137: Aureliana Rodriguez | B137: 94335000 | C137: -- | D137: Dolores 620 | E137: 4 | F137: Romina
A138: Castro Amelia | B138: 11730352 | C138: 2257-648751 | D138: Olmos 234 | E138: 1 | F138: Alicia
A139: Sol Hernaga | B139: 44426722 | C139: 2257-400975 | D139: Lobo del Mar 895 | E139: 6 | F139: Luciana
A140: {=IFERROR(INDEX(Listado!$A:$A,MATCH($B140,Listado!$B:$B,0)),"")} -> Juan Ramon Podazza | B140: 17067721 | C140: {=IFERROR(INDEX(Listado!$C:$C,MATCH($B140,Listado!$B:$B,0)),"")} -> 2257-524437 | D140: {=IFERROR(INDEX(Listado!$D:$D,MATCH($B140,Listado!$B:$B,0)),"")} -> Espora 2348 | E140: {=IFERROR(INDEX(Listado!$E:$E,MATCH($B140,Listado!$B:$B,0)),"")} -> 4 | F140: {=IFERROR(INDEX(Listado!$F:$F,MATCH($B140,Listado!$B:$B,0)),"")} -> Alicia
A141: Lopes Julio | B141: 94970030 | C141: 221-6763294 | D141: Solis 1834 | E141: 2 | F141: Victoria
A142: {=IFERROR(INDEX(Listado!$A:$A,MATCH($B142,Listado!$B:$B,0)),"")} -> Maria del Carmen Mendieta | B142: 22731651 | C142: {=IFERROR(INDEX(Listado!$C:$C,MATCH($B142,Listado!$B:$B,0)),"")} -> 2257-410948 | D142: {=IFERROR(INDEX(Listado!$D:$D,MATCH($B142,Listado!$B:$B,0)),"")} -> Alberdi 1450 | E142: {=IFERROR(INDEX(Listado!$E:$E,MATCH($B142,Listado!$B:$B,0)),"")} -> 4 | F142: {=IFERROR(INDEX(Listado!$F:$F,MATCH($B142,Listado!$B:$B,0)),"")} -> Laura
A143: Aranda Ramon | B143: 5312601 | C143: -- | D143: Olmos 290 | E143: 1 | F143: Alicia
A144: {=IFERROR(INDEX(Listado!$A:$A,MATCH($B144,Listado!$B:$B,0)),"")} -> Lautaro Antonio Nieves Odriozola | B144: 47088131 | C144: {=IFERROR(INDEX(Listado!$C:$C,MATCH($B144,Listado!$B:$B,0)),"")} -> 2257-543067 | D144: {=IFERROR(INDEX(Listado!$D:$D,MATCH($B144,Listado!$B:$B,0)),"")} -> Querini y el Cano (Casa 70) | E144: {=IFERROR(INDEX(Listado!$E:$E,MATCH($B144,Listado!$B:$B,0)),"")} -> 2 | F144: {=IFERROR(INDEX(Listado!$F:$F,MATCH($B144,Listado!$B:$B,0)),"")} -> Ana
A145: Blanco Fernando | B145: 31885815 | C145: 2257-555319 | D145: Querini casa 31 | E145: 5 | F145: Elena
A146: {=IFERROR(INDEX(Listado!$A:$A,MATCH($B146,Listado!$B:$B,0)),"")} -> Nancy Mabel Navia | B146: 33797540 | C146: {=IFERROR(INDEX(Listado!$C:$C,MATCH($B146,Listado!$B:$B,0)),"")} -> 2257-15556874 | D146: {=IFERROR(INDEX(Listado!$D:$D,MATCH($B146,Listado!$B:$B,0)),"")} -> Tierra del Fuego 1966 | E146: 7 | F146: {=IFERROR(INDEX(Listado!$F:$F,MATCH($B146,Listado!$B:$B,0)),"")} -> Monica
A147: Maria de los Angeles Silva | B147: 16209563 | C147: 2257-601927 | D147: Estanislao del campo 110 | E147: 7 | F147: Monica
A148: {=IFERROR(INDEX(Listado!$A:$A,MATCH($B148,Listado!$B:$B,0)),"")} -> Sabrina Laura Elisabeth Castro | B148: 37979009 | C148: {=IFERROR(INDEX(Listado!$C:$C,MATCH($B148,Listado!$B:$B,0)),"")} -> 2257-308558 | D148: {=IFERROR(INDEX(Listado!$D:$D,MATCH($B148,Listado!$B:$B,0)),"")} -> Montevideo 384 | E148: {=IFERROR(INDEX(Listado!$E:$E,MATCH($B148,Listado!$B:$B,0)),"")} -> 4 | F148: {=IFERROR(INDEX(Listado!$F:$F,MATCH($B148,Listado!$B:$B,0)),"")} -> Victoria
A149: {=IFERROR(INDEX(Listado!$A:$A,MATCH($B149,Listado!$B:$B,0)),"")} -> Rosa Nelly Melgarejo Gonzalez | B149: 93641981 | C149: {=IFERROR(INDEX(Listado!$C:$C,MATCH($B149,Listado!$B:$B,0)),"")} | D149: {=IFERROR(INDEX(Listado!$D:$D,MATCH($B149,Listado!$B:$B,0)),"")} -> Ushuaia 1554 | E149: {=IFERROR(INDEX(Listado!$E:$E,MATCH($B149,Listado!$B:$B,0)),"")} -> 2 | F149: {=IFERROR(INDEX(Listado!$F:$F,MATCH($B149,Listado!$B:$B,0)),"")} -> Victoria
A150: Priscila Navia | B150: 47209195 | C150: 2257-544782 | D150: Tierra del fuego 2050 | E150: 5 | F150: Monica
A151: Navia Karina | B151: 36625438 | C151: 2257667111 | D151: {=IFERROR(INDEX(Listado!$D:$D,MATCH($B151,Listado!$B:$B,0)),"")} -> Lobo de mar 98 | E151: 7 | F151: {=IFERROR(INDEX(Listado!$F:$F,MATCH($B151,Listado!$B:$B,0)),"")} -> Monica
A152: {=IFERROR(INDEX(Listado!$A:$A,MATCH($B152,Listado!$B:$B,0)),"")} -> Pablo Ariel Agulleiro | B152: 35634360 | C152: {=IFERROR(INDEX(Listado!$C:$C,MATCH($B152,Listado!$B:$B,0)),"")} -> 2257-532967 | D152: {=IFERROR(INDEX(Listado!$D:$D,MATCH($B152,Listado!$B:$B,0)),"")} -> Lugones 1018 | E152: {=IFERROR(INDEX(Listado!$E:$E,MATCH($B152,Listado!$B:$B,0)),"")} -> 4 | F152: {=IFERROR(INDEX(Listado!$F:$F,MATCH($B152,Listado!$B:$B,0)),"")} -> Ana
A153: Lopez Fiama Marilyn | B153: 37906704 | C153: 2257-530663 | D153: Montevideo 2059 | E153: 4 | F153: Silvia
A154: {=IFERROR(INDEX(Listado!$A:$A,MATCH($B154,Listado!$B:$B,0)),"")} -> Marcia Melisa Zurita | B154: 39486344 | C154: {=IFERROR(INDEX(Listado!$C:$C,MATCH($B154,Listado!$B:$B,0)),"")} -> 2257-405998 | D154: {=IFERROR(INDEX(Listado!$D:$D,MATCH($B154,Listado!$B:$B,0)),"")} -> Libres del Sur 1441 | E154: {=IFERROR(INDEX(Listado!$E:$E,MATCH($B154,Listado!$B:$B,0)),"")} -> 4 | F154: {=IFERROR(INDEX(Listado!$F:$F,MATCH($B154,Listado!$B:$B,0)),"")} -> Victoria
A155: {=IFERROR(INDEX(Listado!$A:$A,MATCH($B155,Listado!$B:$B,0)),"")} -> Gimenez Daiana | B155: 36176810 | C155: {=IFERROR(INDEX(Listado!$C:$C,MATCH($B155,Listado!$B:$B,0)),"")} -> 2257-413064 | D155: {=IFERROR(INDEX(Listado!$D:$D,MATCH($B155,Listado!$B:$B,0)),"")} -> Dolores 679 | E155: {=IFERROR(INDEX(Listado!$E:$E,MATCH($B155,Listado!$B:$B,0)),"")} -> 2 | F155: {=IFERROR(INDEX(Listado!$F:$F,MATCH($B155,Listado!$B:$B,0)),"")} -> Fabian
A156: Aguirre Roxana | B156: 32648777 | C156: 2257-521647 | D156: Pueyrredon 761 | E156: 2 | F156: Antonella
A157: {=IFERROR(INDEX(Listado!$A:$A,MATCH($B157,Listado!$B:$B,0)),"")} -> Leandra Marcela Vargas | B157: 18382017 | C157: {=IFERROR(INDEX(Listado!$C:$C,MATCH($B157,Listado!$B:$B,0)),"")} -> 2257-400147 | D157: {=IFERROR(INDEX(Listado!$D:$D,MATCH($B157,Listado!$B:$B,0)),"")} -> Olmos 480 | E157: {=IFERROR(INDEX(Listado!$E:$E,MATCH($B157,Listado!$B:$B,0)),"")} -> 2 | F157: {=IFERROR(INDEX(Listado!$F:$F,MATCH($B157,Listado!$B:$B,0)),"")} -> Silvia
A158: {=IFERROR(INDEX(Listado!$A:$A,MATCH($B158,Listado!$B:$B,0)),"")} -> Guzman Elda Beatriz | B158: 11730341 | C158: {=IFERROR(INDEX(Listado!$C:$C,MATCH($B158,Listado!$B:$B,0)),"")} -> - | D158: {=IFERROR(INDEX(Listado!$D:$D,MATCH($B158,Listado!$B:$B,0)),"")} -> Olmos 290 | E158: {=IFERROR(INDEX(Listado!$E:$E,MATCH($B158,Listado!$B:$B,0)),"")} -> 1 | F158: {=IFERROR(INDEX(Listado!$F:$F,MATCH($B158,Listado!$B:$B,0)),"")} -> Alicia
A159: {=IFERROR(INDEX(Listado!$A:$A,MATCH($B159,Listado!$B:$B,0)),"")} -> Alejandra Cardillo | B159: 27049561 | C159: {=IFERROR(INDEX(Listado!$C:$C,MATCH($B159,Listado!$B:$B,0)),"")} | D159: {=IFERROR(INDEX(Listado!$D:$D,MATCH($B159,Listado!$B:$B,0)),"")} -> La Argentina 2280 | E159: {=IFERROR(INDEX(Listado!$E:$E,MATCH($B159,Listado!$B:$B,0)),"")} -> 3 | F159: {=IFERROR(INDEX(Listado!$F:$F,MATCH($B159,Listado!$B:$B,0)),"")} -> Luciana
A160: {=IFERROR(INDEX(Listado!$A:$A,MATCH($B160,Listado!$B:$B,0)),"")} -> Maggioni Joana Aylen | B160: 40971441 | C160: {=IFERROR(INDEX(Listado!$C:$C,MATCH($B160,Listado!$B:$B,0)),"")} -> 2257669567 | D160: {=IFERROR(INDEX(Listado!$D:$D,MATCH($B160,Listado!$B:$B,0)),"")} -> Margarita 803 | E160: {=IFERROR(INDEX(Listado!$E:$E,MATCH($B160,Listado!$B:$B,0)),"")} -> 5 | F160: {=IFERROR(INDEX(Listado!$F:$F,MATCH($B160,Listado!$B:$B,0)),"")} -> Sofia
A161: Mayra Alvarenque | B161: 34209798 | C161: 2257-404966 | D161: Caseros 1086 | E161: 6 | F161: Antonella
A162: {=IFERROR(INDEX(Listado!$A:$A,MATCH($B162,Listado!$B:$B,0)),"")} -> Solange Noemi Viscaya | B162: 42947051 | C162: {=IFERROR(INDEX(Listado!$C:$C,MATCH($B162,Listado!$B:$B,0)),"")} -> 011-51316520 | D162: {=IFERROR(INDEX(Listado!$D:$D,MATCH($B162,Listado!$B:$B,0)),"")} -> Colon 1051 | E162: {=IFERROR(INDEX(Listado!$E:$E,MATCH($B162,Listado!$B:$B,0)),"")} -> 3 | F162: {=IFERROR(INDEX(Listado!$F:$F,MATCH($B162,Listado!$B:$B,0)),"")} -> Anto
A163: {=IFERROR(INDEX(Listado!$A:$A,MATCH($B163,Listado!$B:$B,0)),"")} -> Adriana Almeida | B163: 28515434 | C163: {=IFERROR(INDEX(Listado!$C:$C,MATCH($B163,Listado!$B:$B,0)),"")} -> 2257-507624 | D163: {=IFERROR(INDEX(Listado!$D:$D,MATCH($B163,Listado!$B:$B,0)),"")} -> Castelli y Gaito | E163: {=IFERROR(INDEX(Listado!$E:$E,MATCH($B163,Listado!$B:$B,0)),"")} -> 6 | F163: {=IFERROR(INDEX(Listado!$F:$F,MATCH($B163,Listado!$B:$B,0)),"")} -> Anto
A164: {=IFERROR(INDEX(Listado!$A:$A,MATCH($B164,Listado!$B:$B,0)),"")} -> Maximiliano Albarenque | B164: 37023094 | C164: {=IFERROR(INDEX(Listado!$C:$C,MATCH($B164,Listado!$B:$B,0)),"")} -> 2257-407780 | D164: {=IFERROR(INDEX(Listado!$D:$D,MATCH($B164,Listado!$B:$B,0)),"")} -> Colon 1000 | E164: {=IFERROR(INDEX(Listado!$E:$E,MATCH($B164,Listado!$B:$B,0)),"")} -> 3 | F164: {=IFERROR(INDEX(Listado!$F:$F,MATCH($B164,Listado!$B:$B,0)),"")} -> Anto
A165: {=IFERROR(INDEX(Listado!$A:$A,MATCH($B165,Listado!$B:$B,0)),"")} -> Maria de las Mercedes Flores | B165: 28488443 | C165: {=IFERROR(INDEX(Listado!$C:$C,MATCH($B165,Listado!$B:$B,0)),"")} -> - | D165: {=IFERROR(INDEX(Listado!$D:$D,MATCH($B165,Listado!$B:$B,0)),"")} -> Ascasubi 1680 | E165: {=IFERROR(INDEX(Listado!$E:$E,MATCH($B165,Listado!$B:$B,0)),"")} -> 5 | F165: {=IFERROR(INDEX(Listado!$F:$F,MATCH($B165,Listado!$B:$B,0)),"")} -> Monica
A166: {=IFERROR(INDEX(Listado!$A:$A,MATCH($B166,Listado!$B:$B,0)),"")} -> Maria Lujan Flores | B166: 45920454 | C166: {=IFERROR(INDEX(Listado!$C:$C,MATCH($B166,Listado!$B:$B,0)),"")} -> 2257-555377 | D166: {=IFERROR(INDEX(Listado!$D:$D,MATCH($B166,Listado!$B:$B,0)),"")} -> Julio Campos 518 | E166: {=IFERROR(INDEX(Listado!$E:$E,MATCH($B166,Listado!$B:$B,0)),"")} -> 2 | F166: {=IFERROR(INDEX(Listado!$F:$F,MATCH($B166,Listado!$B:$B,0)),"")} -> Monica
A167: {=IFERROR(INDEX(Listado!$A:$A,MATCH($B167,Listado!$B:$B,0)),"")} -> Carla Vincelt | B167: 38961290 | C167: {=IFERROR(INDEX(Listado!$C:$C,MATCH($B167,Listado!$B:$B,0)),"")} -> 2257-637108 | D167: {=IFERROR(INDEX(Listado!$D:$D,MATCH($B167,Listado!$B:$B,0)),"")} -> Falucho 491 | E167: {=IFERROR(INDEX(Listado!$E:$E,MATCH($B167,Listado!$B:$B,0)),"")} -> 4 | F167: {=IFERROR(INDEX(Listado!$F:$F,MATCH($B167,Listado!$B:$B,0)),"")} -> Monica
A168: Ana Vallejo | B168: 50264231 | C168: 2257-65049502 | D168: Tierra del Fuego 1937 | E168: 4 | F168: Monica
A169: {=IFERROR(INDEX(Listado!$A:$A,MATCH($B169,Listado!$B:$B,0)),"")} -> Noelia Arcelus | B169: 25762854 | C169: {=IFERROR(INDEX(Listado!$C:$C,MATCH($B169,Listado!$B:$B,0)),"")} -> - | D169: {=IFERROR(INDEX(Listado!$D:$D,MATCH($B169,Listado!$B:$B,0)),"")} -> - | E169: {=IFERROR(INDEX(Listado!$E:$E,MATCH($B169,Listado!$B:$B,0)),"")} -> - | F169: {=IFERROR(INDEX(Listado!$F:$F,MATCH($B169,Listado!$B:$B,0)),"")} -> Elena
A170: Trinidad Ninfa | B170: 10118521 | C170: 2257-553358 | D170: Sacconi 2580 | E170: 4 | F170: Sofia
A171: {=IFERROR(INDEX(Listado!$A:$A,MATCH($B171,Listado!$B:$B,0)),"")} -> Milagros Mailen Escalise | B171: 47312881 | C171: {=IFERROR(INDEX(Listado!$C:$C,MATCH($B171,Listado!$B:$B,0)),"")} -> 2257-634200 | D171: {=IFERROR(INDEX(Listado!$D:$D,MATCH($B171,Listado!$B:$B,0)),"")} -> Corrientes 55 | E171: {=IFERROR(INDEX(Listado!$E:$E,MATCH($B171,Listado!$B:$B,0)),"")} -> 2 | F171: {=IFERROR(INDEX(Listado!$F:$F,MATCH($B171,Listado!$B:$B,0)),"")} -> Fabian
A172: {=IFERROR(INDEX(Listado!$A:$A,MATCH($B172,Listado!$B:$B,0)),"")} -> Milagros Muñoz | B172: 44335245 | C172: {=IFERROR(INDEX(Listado!$C:$C,MATCH($B172,Listado!$B:$B,0)),"")} -> 2257-646985 | D172: {=IFERROR(INDEX(Listado!$D:$D,MATCH($B172,Listado!$B:$B,0)),"")} -> Lobo de Mar 1450 | E172: {=IFERROR(INDEX(Listado!$E:$E,MATCH($B172,Listado!$B:$B,0)),"")} -> 3 | F172: {=IFERROR(INDEX(Listado!$F:$F,MATCH($B172,Listado!$B:$B,0)),"")} -> Angeles
A173: {=IFERROR(INDEX(Listado!$A:$A,MATCH($B173,Listado!$B:$B,0)),"")} -> Valeria Pilar Muñoz | B173: 29211861 | C173: {=IFERROR(INDEX(Listado!$C:$C,MATCH($B173,Listado!$B:$B,0)),"")} -> - | D173: {=IFERROR(INDEX(Listado!$D:$D,MATCH($B173,Listado!$B:$B,0)),"")} -> Lobo de Mar y Gaito | E173: {=IFERROR(INDEX(Listado!$E:$E,MATCH($B173,Listado!$B:$B,0)),"")} -> 4 | F173: {=IFERROR(INDEX(Listado!$F:$F,MATCH($B173,Listado!$B:$B,0)),"")} -> Angeles
A174: {=IFERROR(INDEX(Listado!$A:$A,MATCH($B174,Listado!$B:$B,0)),"")} -> Silvia Antonia Matus | B174: 11817522 | C174: {=IFERROR(INDEX(Listado!$C:$C,MATCH($B174,Listado!$B:$B,0)),"")} -> 2122943181 | D174: {=IFERROR(INDEX(Listado!$D:$D,MATCH($B174,Listado!$B:$B,0)),"")} -> Yunque 710 | E174: {=IFERROR(INDEX(Listado!$E:$E,MATCH($B174,Listado!$B:$B,0)),"")} -> 4 | F174: {=IFERROR(INDEX(Listado!$F:$F,MATCH($B174,Listado!$B:$B,0)),"")} -> Ana
A175: {=IFERROR(INDEX(Listado!$A:$A,MATCH($B175,Listado!$B:$B,0)),"")} -> Segunda Rosaura Lezcano | B175: 12541247 | C175: {=IFERROR(INDEX(Listado!$C:$C,MATCH($B175,Listado!$B:$B,0)),"")} -> 2257-615136 | D175: {=IFERROR(INDEX(Listado!$D:$D,MATCH($B175,Listado!$B:$B,0)),"")} -> La Margarita 755 | E175: {=IFERROR(INDEX(Listado!$E:$E,MATCH($B175,Listado!$B:$B,0)),"")} -> 2 | F175: {=IFERROR(INDEX(Listado!$F:$F,MATCH($B175,Listado!$B:$B,0)),"")} -> Silvia
A176: {=IFERROR(INDEX(Listado!$A:$A,MATCH($B176,Listado!$B:$B,0)),"")} -> Laura Edith Salvatierra | B176: 22110470 | C176: {=IFERROR(INDEX(Listado!$C:$C,MATCH($B176,Listado!$B:$B,0)),"")} -> 2257-544214 | D176: {=IFERROR(INDEX(Listado!$D:$D,MATCH($B176,Listado!$B:$B,0)),"")} -> Cramer 41 | E176: {=IFERROR(INDEX(Listado!$E:$E,MATCH($B176,Listado!$B:$B,0)),"")} -> 1 | F176: {=IFERROR(INDEX(Listado!$F:$F,MATCH($B176,Listado!$B:$B,0)),"")} -> Elena
A177: {=IFERROR(INDEX(Listado!$A:$A,MATCH($B177,Listado!$B:$B,0)),"")} -> Adriana Masino | B177: 14008864 | C177: {=IFERROR(INDEX(Listado!$C:$C,MATCH($B177,Listado!$B:$B,0)),"")} -> 2257-523159 | D177: {=IFERROR(INDEX(Listado!$D:$D,MATCH($B177,Listado!$B:$B,0)),"")} -> Catamarca 339 | E177: {=IFERROR(INDEX(Listado!$E:$E,MATCH($B177,Listado!$B:$B,0)),"")} -> 2 | F177: {=IFERROR(INDEX(Listado!$F:$F,MATCH($B177,Listado!$B:$B,0)),"")} -> Laura
A178: {=IFERROR(INDEX(Listado!$A:$A,MATCH($B178,Listado!$B:$B,0)),"")} -> Casandra Anahi Lubrano Lavadera | B178: 34818706 | C178: {=IFERROR(INDEX(Listado!$C:$C,MATCH($B178,Listado!$B:$B,0)),"")} -> 011-68502043 | D178: {=IFERROR(INDEX(Listado!$D:$D,MATCH($B178,Listado!$B:$B,0)),"")} -> Cobo 423 | E178: {=IFERROR(INDEX(Listado!$E:$E,MATCH($B178,Listado!$B:$B,0)),"")} -> 3 | F178: {=IFERROR(INDEX(Listado!$F:$F,MATCH($B178,Listado!$B:$B,0)),"")} -> Ana
A179: {=IFERROR(INDEX(Listado!$A:$A,MATCH($B179,Listado!$B:$B,0)),"")} -> Eva Martina Casco | B179: 10637796 | C179: {=IFERROR(INDEX(Listado!$C:$C,MATCH($B179,Listado!$B:$B,0)),"")} -> 2257-503835 | D179: {=IFERROR(INDEX(Listado!$D:$D,MATCH($B179,Listado!$B:$B,0)),"")} -> Montevideo 411 | E179: {=IFERROR(INDEX(Listado!$E:$E,MATCH($B179,Listado!$B:$B,0)),"")} -> 2 | F179: {=IFERROR(INDEX(Listado!$F:$F,MATCH($B179,Listado!$B:$B,0)),"")} -> Alicia
A180: {=IFERROR(INDEX(Listado!$A:$A,MATCH($B180,Listado!$B:$B,0)),"")} -> Lugo Malvina | B180: 33190297 | C180: {=IFERROR(INDEX(Listado!$C:$C,MATCH($B180,Listado!$B:$B,0)),"")} -> 2257550895 | D180: {=IFERROR(INDEX(Listado!$D:$D,MATCH($B180,Listado!$B:$B,0)),"")} -> Drumond 1077 | E180: {=IFERROR(INDEX(Listado!$E:$E,MATCH($B180,Listado!$B:$B,0)),"")} -> 5 | F180: {=IFERROR(INDEX(Listado!$F:$F,MATCH($B180,Listado!$B:$B,0)),"")} -> Tamara
A181: Miguel Rearte | B181: 7506884 | C181: 2257613958 | D181: Margarita 348 | E181: 1 | F181: Tamara
A182: {=IFERROR(INDEX(Listado!$A:$A,MATCH($B182,Listado!$B:$B,0)),"")} | B182: 39213694 | C182: {=IFERROR(INDEX(Listado!$C:$C,MATCH($B182,Listado!$B:$B,0)),"")} | D182: {=IFERROR(INDEX(Listado!$D:$D,MATCH($B182,Listado!$B:$B,0)),"")} | E182: {=IFERROR(INDEX(Listado!$E:$E,MATCH($B182,Listado!$B:$B,0)),"")} | F182: {=IFERROR(INDEX(Listado!$F:$F,MATCH($B182,Listado!$B:$B,0)),"")}
A183: {=IFERROR(INDEX(Listado!$A:$A,MATCH($B183,Listado!$B:$B,0)),"")} | B183: 46684354 | C183: {=IFERROR(INDEX(Listado!$C:$C,MATCH($B183,Listado!$B:$B,0)),"")} | D183: {=IFERROR(INDEX(Listado!$D:$D,MATCH($B183,Listado!$B:$B,0)),"")} | E183: {=IFERROR(INDEX(Listado!$E:$E,MATCH($B183,Listado!$B:$B,0)),"")} | F183: {=IFERROR(INDEX(Listado!$F:$F,MATCH($B183,Listado!$B:$B,0)),"")}
A184: {=IFERROR(INDEX(Listado!$A:$A,MATCH($B184,Listado!$B:$B,0)),"")} -> Lucia Andrea Espinosa | B184: 32334755 | C184: {=IFERROR(INDEX(Listado!$C:$C,MATCH($B184,Listado!$B:$B,0)),"")} -> 2257-414133 | D184: {=IFERROR(INDEX(Listado!$D:$D,MATCH($B184,Listado!$B:$B,0)),"")} -> Sacconi 1185 (Casa 2) | E184: {=IFERROR(INDEX(Listado!$E:$E,MATCH($B184,Listado!$B:$B,0)),"")} -> 2 | F184: {=IFERROR(INDEX(Listado!$F:$F,MATCH($B184,Listado!$B:$B,0)),"")} -> Victoria
A185: {=IFERROR(INDEX(Listado!$A:$A,MATCH($B185,Listado!$B:$B,0)),"")} -> Vanesa Guillermina Rearte | B185: 36109672 | C185: {=IFERROR(INDEX(Listado!$C:$C,MATCH($B185,Listado!$B:$B,0)),"")} -> 2257-404340 | D185: {=IFERROR(INDEX(Listado!$D:$D,MATCH($B185,Listado!$B:$B,0)),"")} -> Belgrano 1660 | E185: {=IFERROR(INDEX(Listado!$E:$E,MATCH($B185,Listado!$B:$B,0)),"")} -> 5 | F185: {=IFERROR(INDEX(Listado!$F:$F,MATCH($B185,Listado!$B:$B,0)),"")} -> Victoria
A186: {=IFERROR(INDEX(Listado!$A:$A,MATCH($B186,Listado!$B:$B,0)),"")} -> Carranza Andrea Fabiana | B186: 21593921 | C186: {=IFERROR(INDEX(Listado!$C:$C,MATCH($B186,Listado!$B:$B,0)),"")} -> 2257531025 | D186: {=IFERROR(INDEX(Listado!$D:$D,MATCH($B186,Listado!$B:$B,0)),"")} -> Lugones 371 | E186: {=IFERROR(INDEX(Listado!$E:$E,MATCH($B186,Listado!$B:$B,0)),"")} -> 3 | F186: {=IFERROR(INDEX(Listado!$F:$F,MATCH($B186,Listado!$B:$B,0)),"")} -> Tamara
A187: {=IFERROR(INDEX(Listado!$A:$A,MATCH($B187,Listado!$B:$B,0)),"")} -> Carranza Andrea Fabiana | B187: 21593921 | C187: {=IFERROR(INDEX(Listado!$C:$C,MATCH($B187,Listado!$B:$B,0)),"")} -> 2257531025 | D187: {=IFERROR(INDEX(Listado!$D:$D,MATCH($B187,Listado!$B:$B,0)),"")} -> Lugones 371 | E187: {=IFERROR(INDEX(Listado!$E:$E,MATCH($B187,Listado!$B:$B,0)),"")} -> 3 | F187: {=IFERROR(INDEX(Listado!$F:$F,MATCH($B187,Listado!$B:$B,0)),"")} -> Tamara
A188: {=IFERROR(INDEX(Listado!$A:$A,MATCH($B188,Listado!$B:$B,0)),"")} -> Yanina Tamara Flor | B188: 19075460 | C188: {=IFERROR(INDEX(Listado!$C:$C,MATCH($B188,Listado!$B:$B,0)),"")} -> 2257-637126 | D188: {=IFERROR(INDEX(Listado!$D:$D,MATCH($B188,Listado!$B:$B,0)),"")} -> Marano 1438 | E188: {=IFERROR(INDEX(Listado!$E:$E,MATCH($B188,Listado!$B:$B,0)),"")} -> 7 | F188: {=IFERROR(INDEX(Listado!$F:$F,MATCH($B188,Listado!$B:$B,0)),"")} -> Luciana
A189: {=IFERROR(INDEX(Listado!$A:$A,MATCH($B189,Listado!$B:$B,0)),"")} -> Veronica Beatriz Bogado | B189: 32648993 | C189: {=IFERROR(INDEX(Listado!$C:$C,MATCH($B189,Listado!$B:$B,0)),"")} -> 2257-307347 | D189: {=IFERROR(INDEX(Listado!$D:$D,MATCH($B189,Listado!$B:$B,0)),"")} -> La Argentina 915 | E189: {=IFERROR(INDEX(Listado!$E:$E,MATCH($B189,Listado!$B:$B,0)),"")} -> 4 | F189: {=IFERROR(INDEX(Listado!$F:$F,MATCH($B189,Listado!$B:$B,0)),"")} -> Anto
A190: {=IFERROR(INDEX(Listado!$A:$A,MATCH($B190,Listado!$B:$B,0)),"")} -> Mandaradoni Muriel | B190: 27934152 | C190: {=IFERROR(INDEX(Listado!$C:$C,MATCH($B190,Listado!$B:$B,0)),"")} | D190: {=IFERROR(INDEX(Listado!$D:$D,MATCH($B190,Listado!$B:$B,0)),"")} -> Sarmiento 987 | E190: {=IFERROR(INDEX(Listado!$E:$E,MATCH($B190,Listado!$B:$B,0)),"")} | F190: {=IFERROR(INDEX(Listado!$F:$F,MATCH($B190,Listado!$B:$B,0)),"")} -> Tamara
A191: {=IFERROR(INDEX(Listado!$A:$A,MATCH($B191,Listado!$B:$B,0)),"")} -> Maria Cristina Figueredo | B191: 94340125 | C191: {=IFERROR(INDEX(Listado!$C:$C,MATCH($B191,Listado!$B:$B,0)),"")} -> 2257-615619 | D191: {=IFERROR(INDEX(Listado!$D:$D,MATCH($B191,Listado!$B:$B,0)),"")} -> Marano 573 | E191: {=IFERROR(INDEX(Listado!$E:$E,MATCH($B191,Listado!$B:$B,0)),"")} -> 2 | F191: {=IFERROR(INDEX(Listado!$F:$F,MATCH($B191,Listado!$B:$B,0)),"")} -> Luciana
A192: {=IFERROR(INDEX(Listado!$A:$A,MATCH($B192,Listado!$B:$B,0)),"")} -> Norma Beatriz Pacheco | B192: 34737811 | C192: {=IFERROR(INDEX(Listado!$C:$C,MATCH($B192,Listado!$B:$B,0)),"")} -> 2257-403865 | D192: {=IFERROR(INDEX(Listado!$D:$D,MATCH($B192,Listado!$B:$B,0)),"")} -> Diagonal correa morales 461 | E192: {=IFERROR(INDEX(Listado!$E:$E,MATCH($B192,Listado!$B:$B,0)),"")} -> 2 | F192: {=IFERROR(INDEX(Listado!$F:$F,MATCH($B192,Listado!$B:$B,0)),"")} -> Laura
A193: Nuñez Antonio | B193: 24489721 | C193: 2257557577 | D193: Diagonal Cobo 719 | E193: 4 | F193: Angie
A194: Juan Encina | B194: 21306084 | C194: -- | D194: Castelli 363 | E194: 2 | F194: Local
A195: {=IFERROR(INDEX(Listado!$A:$A,MATCH($B195,Listado!$B:$B,0)),"")} -> Graciela Tabares | B195: 95310083 | C195: {=IFERROR(INDEX(Listado!$C:$C,MATCH($B195,Listado!$B:$B,0)),"")} -> 2257-648425 | D195: {=IFERROR(INDEX(Listado!$D:$D,MATCH($B195,Listado!$B:$B,0)),"")} -> Calvetti 2224 | E195: {=IFERROR(INDEX(Listado!$E:$E,MATCH($B195,Listado!$B:$B,0)),"")} -> 5 | F195: {=IFERROR(INDEX(Listado!$F:$F,MATCH($B195,Listado!$B:$B,0)),"")} -> Anto
A196: {=IFERROR(INDEX(Listado!$A:$A,MATCH($B196,Listado!$B:$B,0)),"")} -> Diego Esteban Tabarez | B196: 31493840 | C196: {=IFERROR(INDEX(Listado!$C:$C,MATCH($B196,Listado!$B:$B,0)),"")} -> 2257-667188 | D196: {=IFERROR(INDEX(Listado!$D:$D,MATCH($B196,Listado!$B:$B,0)),"")} -> Ascasubi 528 | E196: {=IFERROR(INDEX(Listado!$E:$E,MATCH($B196,Listado!$B:$B,0)),"")} -> 4 | F196: {=IFERROR(INDEX(Listado!$F:$F,MATCH($B196,Listado!$B:$B,0)),"")} -> Alicia
A197: {=IFERROR(INDEX(Listado!$A:$A,MATCH($B197,Listado!$B:$B,0)),"")} -> Maira Albarenque | B197: 23418844 | C197: {=IFERROR(INDEX(Listado!$C:$C,MATCH($B197,Listado!$B:$B,0)),"")} -> 2257-502788 | D197: {=IFERROR(INDEX(Listado!$D:$D,MATCH($B197,Listado!$B:$B,0)),"")} -> Colón y Caseros | E197: {=IFERROR(INDEX(Listado!$E:$E,MATCH($B197,Listado!$B:$B,0)),"")} -> 6 | F197: {=IFERROR(INDEX(Listado!$F:$F,MATCH($B197,Listado!$B:$B,0)),"")} -> Anto
A198: {=IFERROR(INDEX(Listado!$A:$A,MATCH($B198,Listado!$B:$B,0)),"")} -> Ana Maria Herrera | B198: 18526860 | C198: {=IFERROR(INDEX(Listado!$C:$C,MATCH($B198,Listado!$B:$B,0)),"")} -> 2257-559248 | D198: {=IFERROR(INDEX(Listado!$D:$D,MATCH($B198,Listado!$B:$B,0)),"")} -> Newbery 502 | E198: {=IFERROR(INDEX(Listado!$E:$E,MATCH($B198,Listado!$B:$B,0)),"")} -> 2 | F198: {=IFERROR(INDEX(Listado!$F:$F,MATCH($B198,Listado!$B:$B,0)),"")} -> Anto
A199: {=IFERROR(INDEX(Listado!$A:$A,MATCH($B199,Listado!$B:$B,0)),"")} -> Doli Lugo Espindola | B199: 33955260 | C199: {=IFERROR(INDEX(Listado!$C:$C,MATCH($B199,Listado!$B:$B,0)),"")} -> 2257-554709 | D199: {=IFERROR(INDEX(Listado!$D:$D,MATCH($B199,Listado!$B:$B,0)),"")} -> La Argentina 1845 | E199: {=IFERROR(INDEX(Listado!$E:$E,MATCH($B199,Listado!$B:$B,0)),"")} -> 3 | F199: {=IFERROR(INDEX(Listado!$F:$F,MATCH($B199,Listado!$B:$B,0)),"")} -> Victoria
A200: {=IFERROR(INDEX(Listado!$A:$A,MATCH($B200,Listado!$B:$B,0)),"")} -> Daiana Melisa Falcon | B200: 32656564 | C200: {=IFERROR(INDEX(Listado!$C:$C,MATCH($B200,Listado!$B:$B,0)),"")} -> 2257-307509 | D200: {=IFERROR(INDEX(Listado!$D:$D,MATCH($B200,Listado!$B:$B,0)),"")} -> Argentina 1360 | E200: {=IFERROR(INDEX(Listado!$E:$E,MATCH($B200,Listado!$B:$B,0)),"")} -> 3 | F200: {=IFERROR(INDEX(Listado!$F:$F,MATCH($B200,Listado!$B:$B,0)),"")} -> Alicia
A201: {=IFERROR(INDEX(Listado!$A:$A,MATCH($B201,Listado!$B:$B,0)),"")} -> Ramona Beatriz Baez | B201: 16111066 | C201: {=IFERROR(INDEX(Listado!$C:$C,MATCH($B201,Listado!$B:$B,0)),"")} -> - | D201: {=IFERROR(INDEX(Listado!$D:$D,MATCH($B201,Listado!$B:$B,0)),"")} -> El Ancla 166 | E201: {=IFERROR(INDEX(Listado!$E:$E,MATCH($B201,Listado!$B:$B,0)),"")} -> 1 | F201: {=IFERROR(INDEX(Listado!$F:$F,MATCH($B201,Listado!$B:$B,0)),"")} -> Marcia
A202: {=IFERROR(INDEX(Listado!$A:$A,MATCH($B202,Listado!$B:$B,0)),"")} -> Leila Daiana Barrionuevo | B202: 41196195 | C202: {=IFERROR(INDEX(Listado!$C:$C,MATCH($B202,Listado!$B:$B,0)),"")} -> 2257-558726 | D202: {=IFERROR(INDEX(Listado!$D:$D,MATCH($B202,Listado!$B:$B,0)),"")} -> Blanco Encalada 2281 | E202: {=IFERROR(INDEX(Listado!$E:$E,MATCH($B202,Listado!$B:$B,0)),"")} -> 3 | F202: {=IFERROR(INDEX(Listado!$F:$F,MATCH($B202,Listado!$B:$B,0)),"")} -> Alicia
A203: {=IFERROR(INDEX(Listado!$A:$A,MATCH($B203,Listado!$B:$B,0)),"")} -> Mirta Beatiz Deareys | B203: 20315674 | C203: {=IFERROR(INDEX(Listado!$C:$C,MATCH($B203,Listado!$B:$B,0)),"")} -> 2257-615278 | D203: {=IFERROR(INDEX(Listado!$D:$D,MATCH($B203,Listado!$B:$B,0)),"")} -> Blanco Encalada 2281 | E203: {=IFERROR(INDEX(Listado!$E:$E,MATCH($B203,Listado!$B:$B,0)),"")} -> 1 | F203: {=IFERROR(INDEX(Listado!$F:$F,MATCH($B203,Listado!$B:$B,0)),"")} -> Alicia
A204: 2 | B204: 25483983 | C204: 2257-401748 | D204: {=IFERROR(INDEX(Listado!$D:$D,MATCH($B204,Listado!$B:$B,0)),"")} | E204: {=IFERROR(INDEX(Listado!$E:$E,MATCH($B204,Listado!$B:$B,0)),"")} | F204: {=IFERROR(INDEX(Listado!$F:$F,MATCH($B204,Listado!$B:$B,0)),"")}
A205: {=IFERROR(INDEX(Listado!$A:$A,MATCH($B205,Listado!$B:$B,0)),"")} -> Priscila Gonzalez | B205: 47235679 | C205: {=IFERROR(INDEX(Listado!$C:$C,MATCH($B205,Listado!$B:$B,0)),"")} | D205: {=IFERROR(INDEX(Listado!$D:$D,MATCH($B205,Listado!$B:$B,0)),"")} -> Est. del Campo 1217 | E205: {=IFERROR(INDEX(Listado!$E:$E,MATCH($B205,Listado!$B:$B,0)),"")} -> 3 | F205: {=IFERROR(INDEX(Listado!$F:$F,MATCH($B205,Listado!$B:$B,0)),"")} -> Sandra
A206: Ximena Gonzales | B206: 39788882 | C206: {=IFERROR(INDEX(Listado!$C:$C,MATCH($B206,Listado!$B:$B,0)),"")} | D206: {=IFERROR(INDEX(Listado!$D:$D,MATCH($B206,Listado!$B:$B,0)),"")} | E206: {=IFERROR(INDEX(Listado!$E:$E,MATCH($B206,Listado!$B:$B,0)),"")} | F206: Victoria
...

Sheet Mercaderìa 060426
A1: FAMILIA | B1: DNI | C1: CONTACTO | D1: DIRECCIÓN | E1: COMP. FAMILIAR | F1: RESPONSABLE
A2: {=IFERROR(INDEX(Listado!$A:$A,MATCH($B2,Listado!$B:$B,0)),"")} -> Ruiz Mónica | B2: 27290985 | C2: {=IFERROR(INDEX(Listado!$C:$C,MATCH($B2,Listado!$B:$B,0)),"")} -> 3413867020 | D2: {=IFERROR(INDEX(Listado!$D:$D,MATCH($B2,Listado!$B:$B,0)),"")} -> Margarita 803 | E2: {=IFERROR(INDEX(Listado!$E:$E,MATCH($B2,Listado!$B:$B,0)),"")} -> 4 | F2: {=IFERROR(INDEX(Listado!$F:$F,MATCH($B2,Listado!$B:$B,0)),"")} -> Sofia
A3: {=IFERROR(INDEX(Listado!$A:$A,MATCH($B3,Listado!$B:$B,0)),"")} -> Astudillo Monica | B3: 22062231 | C3: {=IFERROR(INDEX(Listado!$C:$C,MATCH($B3,Listado!$B:$B,0)),"")} -> 2257667914 | D3: {=IFERROR(INDEX(Listado!$D:$D,MATCH($B3,Listado!$B:$B,0)),"")} -> Marejada 180 | E3: {=IFERROR(INDEX(Listado!$E:$E,MATCH($B3,Listado!$B:$B,0)),"")} -> 5 | F3: {=IFERROR(INDEX(Listado!$F:$F,MATCH($B3,Listado!$B:$B,0)),"")} -> Sofia
A4: {=IFERROR(INDEX(Listado!$A:$A,MATCH($B4,Listado!$B:$B,0)),"")} -> Blanca Gonzalez | B4: 94927871 | C4: {=IFERROR(INDEX(Listado!$C:$C,MATCH($B4,Listado!$B:$B,0)),"")} -> 2257313577 | D4: {=IFERROR(INDEX(Listado!$D:$D,MATCH($B4,Listado!$B:$B,0)),"")} -> Argentina 2186 | E4: {=IFERROR(INDEX(Listado!$E:$E,MATCH($B4,Listado!$B:$B,0)),"")} -> 4 | F4: {=IFERROR(INDEX(Listado!$F:$F,MATCH($B4,Listado!$B:$B,0)),"")} -> Sofia
A5: {=IFERROR(INDEX(Listado!$A:$A,MATCH($B5,Listado!$B:$B,0)),"")} -> Ganuzza María Ester | B5: 10956077 | C5: {=IFERROR(INDEX(Listado!$C:$C,MATCH($B5,Listado!$B:$B,0)),"")} -> 1138544794 | D5: {=IFERROR(INDEX(Listado!$D:$D,MATCH($B5,Listado!$B:$B,0)),"")} -> Rivadavia 537 | E5: {=IFERROR(INDEX(Listado!$E:$E,MATCH($B5,Listado!$B:$B,0)),"")} -> 2 | F5: {=IFERROR(INDEX(Listado!$F:$F,MATCH($B5,Listado!$B:$B,0)),"")} -> Sofia
A6: Gonzalez Romero Maria | B6: 94775758 | C6: {=IFERROR(INDEX(Listado!$C:$C,MATCH($B6,Listado!$B:$B,0)),"")} | D6: {=IFERROR(INDEX(Listado!$D:$D,MATCH($B6,Listado!$B:$B,0)),"")} | E6: {=IFERROR(INDEX(Listado!$E:$E,MATCH($B6,Listado!$B:$B,0)),"")} | F6: Sofia
A7: {=IFERROR(INDEX(Listado!$A:$A,MATCH($B7,Listado!$B:$B,0)),"")} -> Vallejos Jacqueline | B7: 34470294 | C7: {=IFERROR(INDEX(Listado!$C:$C,MATCH($B7,Listado!$B:$B,0)),"")} -> 2257403614 | D7: {=IFERROR(INDEX(Listado!$D:$D,MATCH($B7,Listado!$B:$B,0)),"")} -> Julio Campos 1011 | E7: {=IFERROR(INDEX(Listado!$E:$E,MATCH($B7,Listado!$B:$B,0)),"")} -> 4 | F7: {=IFERROR(INDEX(Listado!$F:$F,MATCH($B7,Listado!$B:$B,0)),"")} -> Sofia
A8: Lorena Suarez | B8: 34180871 | C8: {=IFERROR(INDEX(Listado!$C:$C,MATCH($B8,Listado!$B:$B,0)),"")} | D8: {=IFERROR(INDEX(Listado!$D:$D,MATCH($B8,Listado!$B:$B,0)),"")} | E8: {=IFERROR(INDEX(Listado!$E:$E,MATCH($B8,Listado!$B:$B,0)),"")} | F8: Sofia
A9: {=IFERROR(INDEX(Listado!$A:$A,MATCH($B9,Listado!$B:$B,0)),"")} -> Fornerod Melany Magalí | B9: 41691115 | C9: {=IFERROR(INDEX(Listado!$C:$C,MATCH($B9,Listado!$B:$B,0)),"")} -> 2257-406484 | D9: {=IFERROR(INDEX(Listado!$D:$D,MATCH($B9,Listado!$B:$B,0)),"")} -> Quinteros 1863 | E9: {=IFERROR(INDEX(Listado!$E:$E,MATCH($B9,Listado!$B:$B,0)),"")} -> 3 | F9: {=IFERROR(INDEX(Listado!$F:$F,MATCH($B9,Listado!$B:$B,0)),"")} -> Sofia
A10: {=IFERROR(INDEX(Listado!$A:$A,MATCH($B10,Listado!$B:$B,0)),"")} -> Trinidad Ninfa | B10: 19118521 | C10: {=IFERROR(INDEX(Listado!$C:$C,MATCH($B10,Listado!$B:$B,0)),"")} -> 2257553368 | D10: {=IFERROR(INDEX(Listado!$D:$D,MATCH($B10,Listado!$B:$B,0)),"")} -> Saconi 2580 | E10: {=IFERROR(INDEX(Listado!$E:$E,MATCH($B10,Listado!$B:$B,0)),"")} -> 4 | F10: {=IFERROR(INDEX(Listado!$F:$F,MATCH($B10,Listado!$B:$B,0)),"")} -> Sofia
A11: Ortiz Natalia | B11: 33739927 | C11: {=IFERROR(INDEX(Listado!$C:$C,MATCH($B11,Listado!$B:$B,0)),"")} | D11: {=IFERROR(INDEX(Listado!$D:$D,MATCH($B11,Listado!$B:$B,0)),"")} | E11: {=IFERROR(INDEX(Listado!$E:$E,MATCH($B11,Listado!$B:$B,0)),"")} | F11: Sofia
A12: {=IFERROR(INDEX(Listado!$A:$A,MATCH($B12,Listado!$B:$B,0)),"")} -> Palavecino Rosa | B12: 32743316 | C12: {=IFERROR(INDEX(Listado!$C:$C,MATCH($B12,Listado!$B:$B,0)),"")} -> 2257408212 | D12: {=IFERROR(INDEX(Listado!$D:$D,MATCH($B12,Listado!$B:$B,0)),"")} -> Olmos 1537 | E12: {=IFERROR(INDEX(Listado!$E:$E,MATCH($B12,Listado!$B:$B,0)),"")} -> 5 | F12: {=IFERROR(INDEX(Listado!$F:$F,MATCH($B12,Listado!$B:$B,0)),"")} -> Sofia
A13: {=IFERROR(INDEX(Listado!$A:$A,MATCH($B13,Listado!$B:$B,0)),"")} -> Paluch Sofía | B13: 11423898 | C13: {=IFERROR(INDEX(Listado!$C:$C,MATCH($B13,Listado!$B:$B,0)),"")} -> 2257536205 | D13: {=IFERROR(INDEX(Listado!$D:$D,MATCH($B13,Listado!$B:$B,0)),"")} -> Azopardo 82 | E13: {=IFERROR(INDEX(Listado!$E:$E,MATCH($B13,Listado!$B:$B,0)),"")} -> 1 | F13: {=IFERROR(INDEX(Listado!$F:$F,MATCH($B13,Listado!$B:$B,0)),"")} -> Sofia
A14: Rodriguez Petrona | B14: 21111272 | C14: 18160891 | D14: {=IFERROR(INDEX(Listado!$D:$D,MATCH($B14,Listado!$B:$B,0)),"")} | E14: {=IFERROR(INDEX(Listado!$E:$E,MATCH($B14,Listado!$B:$B,0)),"")} | F14: Sofia
A15: Silvia Alaniz | B15: 18160891 | C15: {=IFERROR(INDEX(Listado!$C:$C,MATCH($B15,Listado!$B:$B,0)),"")} | D15: {=IFERROR(INDEX(Listado!$D:$D,MATCH($B15,Listado!$B:$B,0)),"")} | E15: {=IFERROR(INDEX(Listado!$E:$E,MATCH($B15,Listado!$B:$B,0)),"")} | F15: Sofia
A16: {=IFERROR(INDEX(Listado!$A:$A,MATCH($B16,Listado!$B:$B,0)),"")} -> Moreyra Stella Maris | B16: 27159913 | C16: {=IFERROR(INDEX(Listado!$C:$C,MATCH($B16,Listado!$B:$B,0)),"")} -> 2257544881 | D16: {=IFERROR(INDEX(Listado!$D:$D,MATCH($B16,Listado!$B:$B,0)),"")} -> Morales 461 | E16: {=IFERROR(INDEX(Listado!$E:$E,MATCH($B16,Listado!$B:$B,0)),"")} -> 2 | F16: {=IFERROR(INDEX(Listado!$F:$F,MATCH($B16,Listado!$B:$B,0)),"")} -> Sofia
A17: {=IFERROR(INDEX(Listado!$A:$A,MATCH($B17,Listado!$B:$B,0)),"")} -> Vilma Jesus Gramajo | B17: 29562671 | C17: {=IFERROR(INDEX(Listado!$C:$C,MATCH($B17,Listado!$B:$B,0)),"")} -> 2257408609 | D17: {=IFERROR(INDEX(Listado!$D:$D,MATCH($B17,Listado!$B:$B,0)),"")} -> Quinteros 1863 | E17: {=IFERROR(INDEX(Listado!$E:$E,MATCH($B17,Listado!$B:$B,0)),"")} -> 2 | F17: {=IFERROR(INDEX(Listado!$F:$F,MATCH($B17,Listado!$B:$B,0)),"")} -> Sofia
A18: {=IFERROR(INDEX(Listado!$A:$A,MATCH($B18,Listado!$B:$B,0)),"")} -> Maggioni Joana Aylen | B18: 40971441 | C18: {=IFERROR(INDEX(Listado!$C:$C,MATCH($B18,Listado!$B:$B,0)),"")} -> 2257669567 | D18: {=IFERROR(INDEX(Listado!$D:$D,MATCH($B18,Listado!$B:$B,0)),"")} -> Margarita 803 | E18: {=IFERROR(INDEX(Listado!$E:$E,MATCH($B18,Listado!$B:$B,0)),"")} -> 5 | F18: {=IFERROR(INDEX(Listado!$F:$F,MATCH($B18,Listado!$B:$B,0)),"")} -> Sofia
A19: {=IFERROR(INDEX(Listado!$A:$A,MATCH($B19,Listado!$B:$B,0)),"")} -> Espinoza Gabriela | B19: 40795197 | C19: {=IFERROR(INDEX(Listado!$C:$C,MATCH($B19,Listado!$B:$B,0)),"")} -> 2257500395 | D19: {=IFERROR(INDEX(Listado!$D:$D,MATCH($B19,Listado!$B:$B,0)),"")} -> Margarita 486 | E19: {=IFERROR(INDEX(Listado!$E:$E,MATCH($B19,Listado!$B:$B,0)),"")} -> 4 | F19: {=IFERROR(INDEX(Listado!$F:$F,MATCH($B19,Listado!$B:$B,0)),"")} -> Sofia
A20: {=IFERROR(INDEX(Listado!$A:$A,MATCH($B20,Listado!$B:$B,0)),"")} -> Maria Ramirez | B20: 14774864 | C20: {=IFERROR(INDEX(Listado!$C:$C,MATCH($B20,Listado!$B:$B,0)),"")} -> 011-27291875 | D20: {=IFERROR(INDEX(Listado!$D:$D,MATCH($B20,Listado!$B:$B,0)),"")} -> Saconi 1165 | E20: {=IFERROR(INDEX(Listado!$E:$E,MATCH($B20,Listado!$B:$B,0)),"")} -> 3 | F20: {=IFERROR(INDEX(Listado!$F:$F,MATCH($B20,Listado!$B:$B,0)),"")} -> Sandra
A21: {=IFERROR(INDEX(Listado!$A:$A,MATCH($B21,Listado!$B:$B,0)),"")} -> Mendez Contreras Silvia | B21: 94908833 | C21: {=IFERROR(INDEX(Listado!$C:$C,MATCH($B21,Listado!$B:$B,0)),"")} -> 2257-309112 | D21: {=IFERROR(INDEX(Listado!$D:$D,MATCH($B21,Listado!$B:$B,0)),"")} -> Palacios 1367 | E21: {=IFERROR(INDEX(Listado!$E:$E,MATCH($B21,Listado!$B:$B,0)),"")} -> 5 | F21: {=IFERROR(INDEX(Listado!$F:$F,MATCH($B21,Listado!$B:$B,0)),"")} -> Sofia
A22: {=IFERROR(INDEX(Listado!$A:$A,MATCH($B22,Listado!$B:$B,0)),"")} -> Yablonsky Nayla | B22: 32754639 | C22: {=IFERROR(INDEX(Listado!$C:$C,MATCH($B22,Listado!$B:$B,0)),"")} -> 2257412356 | D22: {=IFERROR(INDEX(Listado!$D:$D,MATCH($B22,Listado!$B:$B,0)),"")} -> Margarita 486 | E22: {=IFERROR(INDEX(Listado!$E:$E,MATCH($B22,Listado!$B:$B,0)),"")} -> 4 | F22: {=IFERROR(INDEX(Listado!$F:$F,MATCH($B22,Listado!$B:$B,0)),"")} -> Sofia
A23: {=IFERROR(INDEX(Listado!$A:$A,MATCH($B23,Listado!$B:$B,0)),"")} -> Maggioni Joana Aylen | B23: 40971441 | C23: {=IFERROR(INDEX(Listado!$C:$C,MATCH($B23,Listado!$B:$B,0)),"")} -> 2257669567 | D23: {=IFERROR(INDEX(Listado!$D:$D,MATCH($B23,Listado!$B:$B,0)),"")} -> Margarita 803 | E23: {=IFERROR(INDEX(Listado!$E:$E,MATCH($B23,Listado!$B:$B,0)),"")} -> 5 | F23: {=IFERROR(INDEX(Listado!$F:$F,MATCH($B23,Listado!$B:$B,0)),"")} -> Sofia
A24: {=IFERROR(INDEX(Listado!$A:$A,MATCH($B24,Listado!$B:$B,0)),"")} -> Pereyra Carla | B24: 25005946 | C24: {=IFERROR(INDEX(Listado!$C:$C,MATCH($B24,Listado!$B:$B,0)),"")} | D24: {=IFERROR(INDEX(Listado!$D:$D,MATCH($B24,Listado!$B:$B,0)),"")} -> La Margarita 484 | E24: {=IFERROR(INDEX(Listado!$E:$E,MATCH($B24,Listado!$B:$B,0)),"")} | F24: {=IFERROR(INDEX(Listado!$F:$F,MATCH($B24,Listado!$B:$B,0)),"")} -> Micaela
A25: {=IFERROR(INDEX(Listado!$A:$A,MATCH($B25,Listado!$B:$B,0)),"")} -> Yesica Mabel Corvalan | B25: 31829751 | C25: {=IFERROR(INDEX(Listado!$C:$C,MATCH($B25,Listado!$B:$B,0)),"")} -> 2257-54867638 | D25: {=IFERROR(INDEX(Listado!$D:$D,MATCH($B25,Listado!$B:$B,0)),"")} -> Ushuaia 1448 | E25: {=IFERROR(INDEX(Listado!$E:$E,MATCH($B25,Listado!$B:$B,0)),"")} -> 2 | F25: {=IFERROR(INDEX(Listado!$F:$F,MATCH($B25,Listado!$B:$B,0)),"")} -> Micaela
A26: {=IFERROR(INDEX(Listado!$A:$A,MATCH($B26,Listado!$B:$B,0)),"")} -> Elsa Alicia Arrua | B26: 12116531 | C26: {=IFERROR(INDEX(Listado!$C:$C,MATCH($B26,Listado!$B:$B,0)),"")} -> 11-26347932 | D26: {=IFERROR(INDEX(Listado!$D:$D,MATCH($B26,Listado!$B:$B,0)),"")} -> Pueyrredon 1894 | E26: {=IFERROR(INDEX(Listado!$E:$E,MATCH($B26,Listado!$B:$B,0)),"")} -> 2 | F26: {=IFERROR(INDEX(Listado!$F:$F,MATCH($B26,Listado!$B:$B,0)),"")} -> Ana
A27: {=IFERROR(INDEX(Listado!$A:$A,MATCH($B27,Listado!$B:$B,0)),"")} -> Maira Sauco | B27: 35485834 | C27: {=IFERROR(INDEX(Listado!$C:$C,MATCH($B27,Listado!$B:$B,0)),"")} -> 2257-647621 | D27: {=IFERROR(INDEX(Listado!$D:$D,MATCH($B27,Listado!$B:$B,0)),"")} -> La Marejada 525 | E27: {=IFERROR(INDEX(Listado!$E:$E,MATCH($B27,Listado!$B:$B,0)),"")} -> 5 | F27: {=IFERROR(INDEX(Listado!$F:$F,MATCH($B27,Listado!$B:$B,0)),"")} -> Micaela
A28: Jorge Corvalan | C28: {=IFERROR(INDEX(Listado!$C:$C,MATCH($B28,Listado!$B:$B,0)),"")} | D28: {=IFERROR(INDEX(Listado!$D:$D,MATCH($B28,Listado!$B:$B,0)),"")} | E28: {=IFERROR(INDEX(Listado!$E:$E,MATCH($B28,Listado!$B:$B,0)),"")} | F28: Micaela
A29: {=IFERROR(INDEX(Listado!$A:$A,MATCH($B29,Listado!$B:$B,0)),"")} -> Paula Torancio | B29: 35827604 | C29: {=IFERROR(INDEX(Listado!$C:$C,MATCH($B29,Listado!$B:$B,0)),"")} -> 2257-408601 | D29: {=IFERROR(INDEX(Listado!$D:$D,MATCH($B29,Listado!$B:$B,0)),"")} -> Olmos 731 | E29: {=IFERROR(INDEX(Listado!$E:$E,MATCH($B29,Listado!$B:$B,0)),"")} -> 5 | F29: {=IFERROR(INDEX(Listado!$F:$F,MATCH($B29,Listado!$B:$B,0)),"")} -> Micaela
A30: {=IFERROR(INDEX(Listado!$A:$A,MATCH($B30,Listado!$B:$B,0)),"")} -> Geraldine Yalul | B30: 38351410 | C30: {=IFERROR(INDEX(Listado!$C:$C,MATCH($B30,Listado!$B:$B,0)),"")} -> 2257-636034 | D30: {=IFERROR(INDEX(Listado!$D:$D,MATCH($B30,Listado!$B:$B,0)),"")} -> Calle 19 2668 | E30: {=IFERROR(INDEX(Listado!$E:$E,MATCH($B30,Listado!$B:$B,0)),"")} -> 2 | F30: {=IFERROR(INDEX(Listado!$F:$F,MATCH($B30,Listado!$B:$B,0)),"")} -> Micaela
A31: {=IFERROR(INDEX(Listado!$A:$A,MATCH($B31,Listado!$B:$B,0)),"")} -> Rosana Troncoso | B31: 42906843 | C31: {=IFERROR(INDEX(Listado!$C:$C,MATCH($B31,Listado!$B:$B,0)),"")} -> 2257-367656 | D31: {=IFERROR(INDEX(Listado!$D:$D,MATCH($B31,Listado!$B:$B,0)),"")} -> Cramer y Pueyrredon | E31: {=IFERROR(INDEX(Listado!$E:$E,MATCH($B31,Listado!$B:$B,0)),"")} -> 6 | F31: {=IFERROR(INDEX(Listado!$F:$F,MATCH($B31,Listado!$B:$B,0)),"")} -> Micaela
A32: {=IFERROR(INDEX(Listado!$A:$A,MATCH($B32,Listado!$B:$B,0)),"")} -> Yanina Troncoso | B32: 31885661 | C32: {=IFERROR(INDEX(Listado!$C:$C,MATCH($B32,Listado!$B:$B,0)),"")} -> 2257-532704 | D32: {=IFERROR(INDEX(Listado!$D:$D,MATCH($B32,Listado!$B:$B,0)),"")} -> Pueyrredon 1886 | E32: {=IFERROR(INDEX(Listado!$E:$E,MATCH($B32,Listado!$B:$B,0)),"")} -> 5 | F32: {=IFERROR(INDEX(Listado!$F:$F,MATCH($B32,Listado!$B:$B,0)),"")} -> Micaela
A33: {=IFERROR(INDEX(Listado!$A:$A,MATCH($B33,Listado!$B:$B,0)),"")} -> Teresa Troncoso | B33: 31885658 | C33: {=IFERROR(INDEX(Listado!$C:$C,MATCH($B33,Listado!$B:$B,0)),"")} | D33: {=IFERROR(INDEX(Listado!$D:$D,MATCH($B33,Listado!$B:$B,0)),"")} | E33: {=IFERROR(INDEX(Listado!$E:$E,MATCH($B33,Listado!$B:$B,0)),"")} | F33: {=IFERROR(INDEX(Listado!$F:$F,MATCH($B33,Listado!$B:$B,0)),"")} -> Luciana
A34: {=IFERROR(INDEX(Listado!$A:$A,MATCH($B34,Listado!$B:$B,0)),"")} -> Elvecia Gabriela Torancio | B34: 32648774 | C34: {=IFERROR(INDEX(Listado!$C:$C,MATCH($B34,Listado!$B:$B,0)),"")} -> 2257-400618 | D34: {=IFERROR(INDEX(Listado!$D:$D,MATCH($B34,Listado!$B:$B,0)),"")} -> Rico 250 | E34: {=IFERROR(INDEX(Listado!$E:$E,MATCH($B34,Listado!$B:$B,0)),"")} -> 2 | F34: {=IFERROR(INDEX(Listado!$F:$F,MATCH($B34,Listado!$B:$B,0)),"")} -> Micaela
A35: {=IFERROR(INDEX(Listado!$A:$A,MATCH($B35,Listado!$B:$B,0)),"")} -> Oriana Antonella Troncoso | B35: 43305253 | C35: {=IFERROR(INDEX(Listado!$C:$C,MATCH($B35,Listado!$B:$B,0)),"")} -> 2257-405083 | D35: {=IFERROR(INDEX(Listado!$D:$D,MATCH($B35,Listado!$B:$B,0)),"")} -> Pergamino 1505 | E35: {=IFERROR(INDEX(Listado!$E:$E,MATCH($B35,Listado!$B:$B,0)),"")} -> 3 | F35: {=IFERROR(INDEX(Listado!$F:$F,MATCH($B35,Listado!$B:$B,0)),"")} -> Luciana
A36: {=IFERROR(INDEX(Listado!$A:$A,MATCH($B36,Listado!$B:$B,0)),"")} -> Camila Naomi Vergara | B36: 44335274 | C36: {=IFERROR(INDEX(Listado!$C:$C,MATCH($B36,Listado!$B:$B,0)),"")} -> 2257-406648 | D36: {=IFERROR(INDEX(Listado!$D:$D,MATCH($B36,Listado!$B:$B,0)),"")} -> Ushuaia 1545 | E36: {=IFERROR(INDEX(Listado!$E:$E,MATCH($B36,Listado!$B:$B,0)),"")} -> 3 | F36: {=IFERROR(INDEX(Listado!$F:$F,MATCH($B36,Listado!$B:$B,0)),"")} -> Alicia
A37: {=IFERROR(INDEX(Listado!$A:$A,MATCH($B37,Listado!$B:$B,0)),"")} -> Debora Troncoso | B37: 37906646 | C37: {=IFERROR(INDEX(Listado!$C:$C,MATCH($B37,Listado!$B:$B,0)),"")} -> 2257-512868 | D37: {=IFERROR(INDEX(Listado!$D:$D,MATCH($B37,Listado!$B:$B,0)),"")} -> Rio Uruguay 150 | E37: {=IFERROR(INDEX(Listado!$E:$E,MATCH($B37,Listado!$B:$B,0)),"")} -> 3 | F37: {=IFERROR(INDEX(Listado!$F:$F,MATCH($B37,Listado!$B:$B,0)),"")} -> Micaela
A38: Vigliotta Mariela | C38: {=IFERROR(INDEX(Listado!$C:$C,MATCH($B38,Listado!$B:$B,0)),"")} | D38: {=IFERROR(INDEX(Listado!$D:$D,MATCH($B38,Listado!$B:$B,0)),"")} | E38: {=IFERROR(INDEX(Listado!$E:$E,MATCH($B38,Listado!$B:$B,0)),"")} | F38: Micaela
A39: {=IFERROR(INDEX(Listado!$A:$A,MATCH($B39,Listado!$B:$B,0)),"")} -> Leonela Martinez | B39: 41691053 | C39: {=IFERROR(INDEX(Listado!$C:$C,MATCH($B39,Listado!$B:$B,0)),"")} -> 2257-505335 | D39: {=IFERROR(INDEX(Listado!$D:$D,MATCH($B39,Listado!$B:$B,0)),"")} -> Rio Uruguay 150 | E39: {=IFERROR(INDEX(Listado!$E:$E,MATCH($B39,Listado!$B:$B,0)),"")} -> 4 | F39: {=IFERROR(INDEX(Listado!$F:$F,MATCH($B39,Listado!$B:$B,0)),"")} -> Micaela
A40: Paola Ibarra | B40: 45914653 | C40: {=IFERROR(INDEX(Listado!$C:$C,MATCH($B40,Listado!$B:$B,0)),"")} | D40: {=IFERROR(INDEX(Listado!$D:$D,MATCH($B40,Listado!$B:$B,0)),"")} | E40: {=IFERROR(INDEX(Listado!$E:$E,MATCH($B40,Listado!$B:$B,0)),"")} | F40: Micaela
A41: Karina Ibarra | C41: {=IFERROR(INDEX(Listado!$C:$C,MATCH($B41,Listado!$B:$B,0)),"")} | D41: {=IFERROR(INDEX(Listado!$D:$D,MATCH($B41,Listado!$B:$B,0)),"")} | E41: {=IFERROR(INDEX(Listado!$E:$E,MATCH($B41,Listado!$B:$B,0)),"")} | F41: Micaela
A42: Eva Ma | C42: {=IFERROR(INDEX(Listado!$C:$C,MATCH($B42,Listado!$B:$B,0)),"")} | D42: {=IFERROR(INDEX(Listado!$D:$D,MATCH($B42,Listado!$B:$B,0)),"")} | E42: {=IFERROR(INDEX(Listado!$E:$E,MATCH($B42,Listado!$B:$B,0)),"")} | F42: Micaela
A43: Rojas Yamila | B43: 32695518 | C43: {=IFERROR(INDEX(Listado!$C:$C,MATCH($B43,Listado!$B:$B,0)),"")} | D43: {=IFERROR(INDEX(Listado!$D:$D,MATCH($B43,Listado!$B:$B,0)),"")} | E43: {=IFERROR(INDEX(Listado!$E:$E,MATCH($B43,Listado!$B:$B,0)),"")} | F43: Micaela
A44: {=IFERROR(INDEX(Listado!$A:$A,MATCH($B44,Listado!$B:$B,0)),"")} -> Maria Ines Ferletic | B44: 33444054 | C44: {=IFERROR(INDEX(Listado!$C:$C,MATCH($B44,Listado!$B:$B,0)),"")} -> 2257-308807 | D44: {=IFERROR(INDEX(Listado!$D:$D,MATCH($B44,Listado!$B:$B,0)),"")} -> Cano 2000 | E44: {=IFERROR(INDEX(Listado!$E:$E,MATCH($B44,Listado!$B:$B,0)),"")} -> 6 | F44: {=IFERROR(INDEX(Listado!$F:$F,MATCH($B44,Listado!$B:$B,0)),"")} -> Micaela
A45: {=IFERROR(INDEX(Listado!$A:$A,MATCH($B45,Listado!$B:$B,0)),"")} -> Mariela Troncoso | B45: 29568347 | C45: {=IFERROR(INDEX(Listado!$C:$C,MATCH($B45,Listado!$B:$B,0)),"")} -> 2257-408785 | D45: {=IFERROR(INDEX(Listado!$D:$D,MATCH($B45,Listado!$B:$B,0)),"")} -> Pergamino 1507 | E45: {=IFERROR(INDEX(Listado!$E:$E,MATCH($B45,Listado!$B:$B,0)),"")} -> 5 | F45: {=IFERROR(INDEX(Listado!$F:$F,MATCH($B45,Listado!$B:$B,0)),"")} -> Micaela
A46: {=IFERROR(INDEX(Listado!$A:$A,MATCH($B46,Listado!$B:$B,0)),"")} -> Abigail Herrera | B46: 44243087 | C46: {=IFERROR(INDEX(Listado!$C:$C,MATCH($B46,Listado!$B:$B,0)),"")} -> 2257-415636 | D46: {=IFERROR(INDEX(Listado!$D:$D,MATCH($B46,Listado!$B:$B,0)),"")} -> Olmos y Pueyrredon (Casa 10) | E46: {=IFERROR(INDEX(Listado!$E:$E,MATCH($B46,Listado!$B:$B,0)),"")} -> 2 | F46: {=IFERROR(INDEX(Listado!$F:$F,MATCH($B46,Listado!$B:$B,0)),"")} -> Micaela
A47: {=IFERROR(INDEX(Listado!$A:$A,MATCH($B47,Listado!$B:$B,0)),"")} -> Alejandra Troncoso | B47: 31885662 | C47: {=IFERROR(INDEX(Listado!$C:$C,MATCH($B47,Listado!$B:$B,0)),"")} -> 2257-645723 | D47: {=IFERROR(INDEX(Listado!$D:$D,MATCH($B47,Listado!$B:$B,0)),"")} -> Olmos y Pueyrredon (Casa 12) | E47: {=IFERROR(INDEX(Listado!$E:$E,MATCH($B47,Listado!$B:$B,0)),"")} -> 2 | F47: {=IFERROR(INDEX(Listado!$F:$F,MATCH($B47,Listado!$B:$B,0)),"")} -> Micaela
A48: {=IFERROR(INDEX(Listado!$A:$A,MATCH($B48,Listado!$B:$B,0)),"")} -> Micaela Troncoso | B48: 41691182 | C48: {=IFERROR(INDEX(Listado!$C:$C,MATCH($B48,Listado!$B:$B,0)),"")} | D48: {=IFERROR(INDEX(Listado!$D:$D,MATCH($B48,Listado!$B:$B,0)),"")} -> Falucho 950 | E48: {=IFERROR(INDEX(Listado!$E:$E,MATCH($B48,Listado!$B:$B,0)),"")} -> 4 | F48: {=IFERROR(INDEX(Listado!$F:$F,MATCH($B48,Listado!$B:$B,0)),"")} -> Micaela
A49: Echevarria Guadalupe | B49: 34827771 | C49: {=IFERROR(INDEX(Listado!$C:$C,MATCH($B49,Listado!$B:$B,0)),"")} | D49: {=IFERROR(INDEX(Listado!$D:$D,MATCH($B49,Listado!$B:$B,0)),"")} | E49: {=IFERROR(INDEX(Listado!$E:$E,MATCH($B49,Listado!$B:$B,0)),"")} | F49: {=IFERROR(INDEX(Listado!$F:$F,MATCH($B49,Listado!$B:$B,0)),"")}
A50: Echevarria Jorge | B50: 16051795 | C50: {=IFERROR(INDEX(Listado!$C:$C,MATCH($B50,Listado!$B:$B,0)),"")} | D50: {=IFERROR(INDEX(Listado!$D:$D,MATCH($B50,Listado!$B:$B,0)),"")} | E50: {=IFERROR(INDEX(Listado!$E:$E,MATCH($B50,Listado!$B:$B,0)),"")} | F50: {=IFERROR(INDEX(Listado!$F:$F,MATCH($B50,Listado!$B:$B,0)),"")}
A51: {=IFERROR(INDEX(Listado!$A:$A,MATCH($B51,Listado!$B:$B,0)),"")} -> Adriana Pereyra | B51: 22177716 | C51: {=IFERROR(INDEX(Listado!$C:$C,MATCH($B51,Listado!$B:$B,0)),"")} -> 2257-543118 | D51: {=IFERROR(INDEX(Listado!$D:$D,MATCH($B51,Listado!$B:$B,0)),"")} -> Sacconi 1175 | E51: {=IFERROR(INDEX(Listado!$E:$E,MATCH($B51,Listado!$B:$B,0)),"")} -> 2 | F51: {=IFERROR(INDEX(Listado!$F:$F,MATCH($B51,Listado!$B:$B,0)),"")} -> Micaela
A52: {=IFERROR(INDEX(Listado!$A:$A,MATCH($B52,Listado!$B:$B,0)),"")} -> Maria Paula Troncoso | B52: 44335244 | C52: {=IFERROR(INDEX(Listado!$C:$C,MATCH($B52,Listado!$B:$B,0)),"")} -> 2257-404577 | D52: {=IFERROR(INDEX(Listado!$D:$D,MATCH($B52,Listado!$B:$B,0)),"")} -> Olmos y Pueyrredon | E52: {=IFERROR(INDEX(Listado!$E:$E,MATCH($B52,Listado!$B:$B,0)),"")} -> 2 | F52: {=IFERROR(INDEX(Listado!$F:$F,MATCH($B52,Listado!$B:$B,0)),"")} -> Micaela
A53: {=IFERROR(INDEX(Listado!$A:$A,MATCH($B53,Listado!$B:$B,0)),"")} -> Angelica Troncoso | B53: 38677077 | C53: {=IFERROR(INDEX(Listado!$C:$C,MATCH($B53,Listado!$B:$B,0)),"")} -> 2257-406626 | D53: {=IFERROR(INDEX(Listado!$D:$D,MATCH($B53,Listado!$B:$B,0)),"")} -> Solis 2087 | E53: {=IFERROR(INDEX(Listado!$E:$E,MATCH($B53,Listado!$B:$B,0)),"")} -> 6 | F53: {=IFERROR(INDEX(Listado!$F:$F,MATCH($B53,Listado!$B:$B,0)),"")} -> Micaela
A54: {=IFERROR(INDEX(Listado!$A:$A,MATCH($B54,Listado!$B:$B,0)),"")} -> Noelia Balbuena | B54: 39876035 | C54: {=IFERROR(INDEX(Listado!$C:$C,MATCH($B54,Listado!$B:$B,0)),"")} | D54: {=IFERROR(INDEX(Listado!$D:$D,MATCH($B54,Listado!$B:$B,0)),"")} | E54: {=IFERROR(INDEX(Listado!$E:$E,MATCH($B54,Listado!$B:$B,0)),"")} | F54: {=IFERROR(INDEX(Listado!$F:$F,MATCH($B54,Listado!$B:$B,0)),"")} -> Micaela
A55: {=IFERROR(INDEX(Listado!$A:$A,MATCH($B55,Listado!$B:$B,0)),"")} -> Eva Yanina Roldan | B55: 18881287 | C55: {=IFERROR(INDEX(Listado!$C:$C,MATCH($B55,Listado!$B:$B,0)),"")} -> 2257-634542 | D55: {=IFERROR(INDEX(Listado!$D:$D,MATCH($B55,Listado!$B:$B,0)),"")} -> Olmos y Pueyrredon (Casa 20) | E55: {=IFERROR(INDEX(Listado!$E:$E,MATCH($B55,Listado!$B:$B,0)),"")} -> 10 | F55: {=IFERROR(INDEX(Listado!$F:$F,MATCH($B55,Listado!$B:$B,0)),"")} -> Micaela
A56: Malena Zapata | B56: 44934843 | C56: {=IFERROR(INDEX(Listado!$C:$C,MATCH($B56,Listado!$B:$B,0)),"")} | D56: {=IFERROR(INDEX(Listado!$D:$D,MATCH($B56,Listado!$B:$B,0)),"")} | E56: {=IFERROR(INDEX(Listado!$E:$E,MATCH($B56,Listado!$B:$B,0)),"")} | F56: {=IFERROR(INDEX(Listado!$F:$F,MATCH($B56,Listado!$B:$B,0)),"")}
A57: {=IFERROR(INDEX(Listado!$A:$A,MATCH($B57,Listado!$B:$B,0)),"")} -> Maria Eugenia Ruiz | B57: 36625626 | C57: {=IFERROR(INDEX(Listado!$C:$C,MATCH($B57,Listado!$B:$B,0)),"")} -> 2257-409732 | D57: {=IFERROR(INDEX(Listado!$D:$D,MATCH($B57,Listado!$B:$B,0)),"")} -> - | E57: {=IFERROR(INDEX(Listado!$E:$E,MATCH($B57,Listado!$B:$B,0)),"")} -> 4 | F57: {=IFERROR(INDEX(Listado!$F:$F,MATCH($B57,Listado!$B:$B,0)),"")} -> Micaela
A58: {=IFERROR(INDEX(Listado!$A:$A,MATCH($B58,Listado!$B:$B,0)),"")} -> Antonia Gimenez | B58: 35918349 | C58: {=IFERROR(INDEX(Listado!$C:$C,MATCH($B58,Listado!$B:$B,0)),"")} -> 2257-455673 | D58: {=IFERROR(INDEX(Listado!$D:$D,MATCH($B58,Listado!$B:$B,0)),"")} -> Caseros 597 | E58: {=IFERROR(INDEX(Listado!$E:$E,MATCH($B58,Listado!$B:$B,0)),"")} -> 3 | F58: {=IFERROR(INDEX(Listado!$F:$F,MATCH($B58,Listado!$B:$B,0)),"")} -> Micaela
A59: {=IFERROR(INDEX(Listado!$A:$A,MATCH($B59,Listado!$B:$B,0)),"")} -> Adriana Sotelo | B59: 22588619 | C59: {=IFERROR(INDEX(Listado!$C:$C,MATCH($B59,Listado!$B:$B,0)),"")} -> 2257-648774 | D59: {=IFERROR(INDEX(Listado!$D:$D,MATCH($B59,Listado!$B:$B,0)),"")} -> Caseros 597 | E59: {=IFERROR(INDEX(Listado!$E:$E,MATCH($B59,Listado!$B:$B,0)),"")} -> 4 | F59: {=IFERROR(INDEX(Listado!$F:$F,MATCH($B59,Listado!$B:$B,0)),"")} -> Micaela
A60: {=IFERROR(INDEX(Listado!$A:$A,MATCH($B60,Listado!$B:$B,0)),"")} -> Soledad Fernandez | B60: 35827822 | C60: {=IFERROR(INDEX(Listado!$C:$C,MATCH($B60,Listado!$B:$B,0)),"")} -> 2257-548014 | D60: {=IFERROR(INDEX(Listado!$D:$D,MATCH($B60,Listado!$B:$B,0)),"")} -> Cramer 755 | E60: {=IFERROR(INDEX(Listado!$E:$E,MATCH($B60,Listado!$B:$B,0)),"")} -> 5 | F60: {=IFERROR(INDEX(Listado!$F:$F,MATCH($B60,Listado!$B:$B,0)),"")} -> Micaela
A61: {=IFERROR(INDEX(Listado!$A:$A,MATCH($B61,Listado!$B:$B,0)),"")} -> Rosana Troncoso | B61: 42906843 | C61: {=IFERROR(INDEX(Listado!$C:$C,MATCH($B61,Listado!$B:$B,0)),"")} -> 2257-367656 | D61: {=IFERROR(INDEX(Listado!$D:$D,MATCH($B61,Listado!$B:$B,0)),"")} -> Cramer y Pueyrredon | E61: {=IFERROR(INDEX(Listado!$E:$E,MATCH($B61,Listado!$B:$B,0)),"")} -> 6 | F61: {=IFERROR(INDEX(Listado!$F:$F,MATCH($B61,Listado!$B:$B,0)),"")} -> Micaela
A62: Cueva Alejandra | B62: 23393908 | C62: {=IFERROR(INDEX(Listado!$C:$C,MATCH($B62,Listado!$B:$B,0)),"")} | D62: {=IFERROR(INDEX(Listado!$D:$D,MATCH($B62,Listado!$B:$B,0)),"")} | E62: {=IFERROR(INDEX(Listado!$E:$E,MATCH($B62,Listado!$B:$B,0)),"")} | F62: {=IFERROR(INDEX(Listado!$F:$F,MATCH($B62,Listado!$B:$B,0)),"")}
A63: {=IFERROR(INDEX(Listado!$A:$A,MATCH($B63,Listado!$B:$B,0)),"")} -> Bustos Silvana | B63: 31885726 | C63: {=IFERROR(INDEX(Listado!$C:$C,MATCH($B63,Listado!$B:$B,0)),"")} | D63: {=IFERROR(INDEX(Listado!$D:$D,MATCH($B63,Listado!$B:$B,0)),"")} -> Julio Campo 1185 | E63: {=IFERROR(INDEX(Listado!$E:$E,MATCH($B63,Listado!$B:$B,0)),"")} | F63: {=IFERROR(INDEX(Listado!$F:$F,MATCH($B63,Listado!$B:$B,0)),"")} -> Micaela
A64: {=IFERROR(INDEX(Listado!$A:$A,MATCH($B64,Listado!$B:$B,0)),"")} -> Carina Bussolo | B64: 22767803 | C64: {=IFERROR(INDEX(Listado!$C:$C,MATCH($B64,Listado!$B:$B,0)),"")} -> 2257-308218 | D64: {=IFERROR(INDEX(Listado!$D:$D,MATCH($B64,Listado!$B:$B,0)),"")} -> Libres del Sur 1648 | E64: {=IFERROR(INDEX(Listado!$E:$E,MATCH($B64,Listado!$B:$B,0)),"")} -> 2 | F64: {=IFERROR(INDEX(Listado!$F:$F,MATCH($B64,Listado!$B:$B,0)),"")} -> Victoria
A65: {=IFERROR(INDEX(Listado!$A:$A,MATCH($B65,Listado!$B:$B,0)),"")} -> Agustin Caceres | B65: 37537405 | C65: {=IFERROR(INDEX(Listado!$C:$C,MATCH($B65,Listado!$B:$B,0)),"")} -> 2257-667647 | D65: {=IFERROR(INDEX(Listado!$D:$D,MATCH($B65,Listado!$B:$B,0)),"")} -> Libres del Sur 640 | E65: {=IFERROR(INDEX(Listado!$E:$E,MATCH($B65,Listado!$B:$B,0)),"")} -> 2 | F65: {=IFERROR(INDEX(Listado!$F:$F,MATCH($B65,Listado!$B:$B,0)),"")} -> Victoria
A66: {=IFERROR(INDEX(Listado!$A:$A,MATCH($B66,Listado!$B:$B,0)),"")} -> Rocio Magali Ramirez | B66: 42343596 | C66: {=IFERROR(INDEX(Listado!$C:$C,MATCH($B66,Listado!$B:$B,0)),"")} -> 2257-505262 | D66: {=IFERROR(INDEX(Listado!$D:$D,MATCH($B66,Listado!$B:$B,0)),"")} -> Olivieri 1189 | E66: {=IFERROR(INDEX(Listado!$E:$E,MATCH($B66,Listado!$B:$B,0)),"")} -> 5 | F66: {=IFERROR(INDEX(Listado!$F:$F,MATCH($B66,Listado!$B:$B,0)),"")} -> Victoria
A67: Garcia Hinojosa Maribel | B67: 95111965 | C67: {=IFERROR(INDEX(Listado!$C:$C,MATCH($B67,Listado!$B:$B,0)),"")} | D67: {=IFERROR(INDEX(Listado!$D:$D,MATCH($B67,Listado!$B:$B,0)),"")} | E67: {=IFERROR(INDEX(Listado!$E:$E,MATCH($B67,Listado!$B:$B,0)),"")} | F67: {=IFERROR(INDEX(Listado!$F:$F,MATCH($B67,Listado!$B:$B,0)),"")}
A68: {=IFERROR(INDEX(Listado!$A:$A,MATCH($B68,Listado!$B:$B,0)),"")} -> Molina Priscila | B68: 43733313 | C68: {=IFERROR(INDEX(Listado!$C:$C,MATCH($B68,Listado!$B:$B,0)),"")} -> 2257-502729 | D68: {=IFERROR(INDEX(Listado!$D:$D,MATCH($B68,Listado!$B:$B,0)),"")} -> Falkner 1115 | E68: {=IFERROR(INDEX(Listado!$E:$E,MATCH($B68,Listado!$B:$B,0)),"")} -> 4 | F68: {=IFERROR(INDEX(Listado!$F:$F,MATCH($B68,Listado!$B:$B,0)),"")} -> Victoria
A69: {=IFERROR(INDEX(Listado!$A:$A,MATCH($B69,Listado!$B:$B,0)),"")} -> Doli Lugo Espindola | B69: 33955260 | C69: {=IFERROR(INDEX(Listado!$C:$C,MATCH($B69,Listado!$B:$B,0)),"")} -> 2257-554709 | D69: {=IFERROR(INDEX(Listado!$D:$D,MATCH($B69,Listado!$B:$B,0)),"")} -> La Argentina 1845 | E69: {=IFERROR(INDEX(Listado!$E:$E,MATCH($B69,Listado!$B:$B,0)),"")} -> 3 | F69: {=IFERROR(INDEX(Listado!$F:$F,MATCH($B69,Listado!$B:$B,0)),"")} -> Victoria
A70: {=IFERROR(INDEX(Listado!$A:$A,MATCH($B70,Listado!$B:$B,0)),"")} -> Sandra Espindola | B70: 94718024 | C70: {=IFERROR(INDEX(Listado!$C:$C,MATCH($B70,Listado!$B:$B,0)),"")} -> 2257-537826 | D70: {=IFERROR(INDEX(Listado!$D:$D,MATCH($B70,Listado!$B:$B,0)),"")} -> Chascomus 698 | E70: {=IFERROR(INDEX(Listado!$E:$E,MATCH($B70,Listado!$B:$B,0)),"")} -> 4 | F70: {=IFERROR(INDEX(Listado!$F:$F,MATCH($B70,Listado!$B:$B,0)),"")} -> Victoria
A71: {=IFERROR(INDEX(Listado!$A:$A,MATCH($B71,Listado!$B:$B,0)),"")} -> Espindola Maciel Eloisa | B71: 94445922 | C71: {=IFERROR(INDEX(Listado!$C:$C,MATCH($B71,Listado!$B:$B,0)),"")} | D71: {=IFERROR(INDEX(Listado!$D:$D,MATCH($B71,Listado!$B:$B,0)),"")} -> Chascomus 698 | E71: {=IFERROR(INDEX(Listado!$E:$E,MATCH($B71,Listado!$B:$B,0)),"")} | F71: {=IFERROR(INDEX(Listado!$F:$F,MATCH($B71,Listado!$B:$B,0)),"")} -> Victoria
A72: {=IFERROR(INDEX(Listado!$A:$A,MATCH($B72,Listado!$B:$B,0)),"")} -> Maria Espindola | B72: 94520657 | C72: {=IFERROR(INDEX(Listado!$C:$C,MATCH($B72,Listado!$B:$B,0)),"")} -> 2257-314170 | D72: {=IFERROR(INDEX(Listado!$D:$D,MATCH($B72,Listado!$B:$B,0)),"")} -> Chascomus 698 | E72: {=IFERROR(INDEX(Listado!$E:$E,MATCH($B72,Listado!$B:$B,0)),"")} -> 3 | F72: {=IFERROR(INDEX(Listado!$F:$F,MATCH($B72,Listado!$B:$B,0)),"")} -> Victoria
A73: {=IFERROR(INDEX(Listado!$A:$A,MATCH($B73,Listado!$B:$B,0)),"")} -> Zurita Malena | B73: 44788732 | C73: {=IFERROR(INDEX(Listado!$C:$C,MATCH($B73,Listado!$B:$B,0)),"")} -> 11-58393718 | D73: {=IFERROR(INDEX(Listado!$D:$D,MATCH($B73,Listado!$B:$B,0)),"")} -> La Argentina y Rawson | E73: {=IFERROR(INDEX(Listado!$E:$E,MATCH($B73,Listado!$B:$B,0)),"")} -> 4 | F73: {=IFERROR(INDEX(Listado!$F:$F,MATCH($B73,Listado!$B:$B,0)),"")} -> Victoria
A74: {=IFERROR(INDEX(Listado!$A:$A,MATCH($B74,Listado!$B:$B,0)),"")} -> Marcia Melisa Zurita | B74: 39486344 | C74: {=IFERROR(INDEX(Listado!$C:$C,MATCH($B74,Listado!$B:$B,0)),"")} -> 2257-405998 | D74: {=IFERROR(INDEX(Listado!$D:$D,MATCH($B74,Listado!$B:$B,0)),"")} -> Libres del Sur 1441 | E74: {=IFERROR(INDEX(Listado!$E:$E,MATCH($B74,Listado!$B:$B,0)),"")} -> 4 | F74: {=IFERROR(INDEX(Listado!$F:$F,MATCH($B74,Listado!$B:$B,0)),"")} -> Victoria
A75: {=IFERROR(INDEX(Listado!$A:$A,MATCH($B75,Listado!$B:$B,0)),"")} -> Rincon Vanina | B75: 23477368 | C75: {=IFERROR(INDEX(Listado!$C:$C,MATCH($B75,Listado!$B:$B,0)),"")} -> 11-58393718 | D75: {=IFERROR(INDEX(Listado!$D:$D,MATCH($B75,Listado!$B:$B,0)),"")} -> Libres del Sur 1441 | E75: {=IFERROR(INDEX(Listado!$E:$E,MATCH($B75,Listado!$B:$B,0)),"")} -> 2 | F75: {=IFERROR(INDEX(Listado!$F:$F,MATCH($B75,Listado!$B:$B,0)),"")} -> Victoria
A76: {=IFERROR(INDEX(Listado!$A:$A,MATCH($B76,Listado!$B:$B,0)),"")} -> Vergara Orellana Carina Paola | B76: 27699419 | C76: {=IFERROR(INDEX(Listado!$C:$C,MATCH($B76,Listado!$B:$B,0)),"")} -> 2257-504001 | D76: {=IFERROR(INDEX(Listado!$D:$D,MATCH($B76,Listado!$B:$B,0)),"")} -> Ushuaia 1545 | E76: {=IFERROR(INDEX(Listado!$E:$E,MATCH($B76,Listado!$B:$B,0)),"")} -> 4 | F76: {=IFERROR(INDEX(Listado!$F:$F,MATCH($B76,Listado!$B:$B,0)),"")} -> Fabian
A77: {=IFERROR(INDEX(Listado!$A:$A,MATCH($B77,Listado!$B:$B,0)),"")} -> Reyes Guido Ignacio Martin | B77: 34350197 | C77: {=IFERROR(INDEX(Listado!$C:$C,MATCH($B77,Listado!$B:$B,0)),"")} | D77: {=IFERROR(INDEX(Listado!$D:$D,MATCH($B77,Listado!$B:$B,0)),"")} -> La Argentina 657 | E77: {=IFERROR(INDEX(Listado!$E:$E,MATCH($B77,Listado!$B:$B,0)),"")} | F77: {=IFERROR(INDEX(Listado!$F:$F,MATCH($B77,Listado!$B:$B,0)),"")} -> Victoria
A78: {=IFERROR(INDEX(Listado!$A:$A,MATCH($B78,Listado!$B:$B,0)),"")} -> Vanesa Guillermina Rearte | B78: 36109672 | C78: {=IFERROR(INDEX(Listado!$C:$C,MATCH($B78,Listado!$B:$B,0)),"")} -> 2257-404340 | D78: {=IFERROR(INDEX(Listado!$D:$D,MATCH($B78,Listado!$B:$B,0)),"")} -> Belgrano 1660 | E78: {=IFERROR(INDEX(Listado!$E:$E,MATCH($B78,Listado!$B:$B,0)),"")} -> 5 | F78: {=IFERROR(INDEX(Listado!$F:$F,MATCH($B78,Listado!$B:$B,0)),"")} -> Victoria
A79: {=IFERROR(INDEX(Listado!$A:$A,MATCH($B79,Listado!$B:$B,0)),"")} -> Yanina Roldan | B79: 32334815 | C79: {=IFERROR(INDEX(Listado!$C:$C,MATCH($B79,Listado!$B:$B,0)),"")} -> 2257-507968 | D79: {=IFERROR(INDEX(Listado!$D:$D,MATCH($B79,Listado!$B:$B,0)),"")} -> Libres del Sur 1470 | E79: {=IFERROR(INDEX(Listado!$E:$E,MATCH($B79,Listado!$B:$B,0)),"")} -> 2 | F79: {=IFERROR(INDEX(Listado!$F:$F,MATCH($B79,Listado!$B:$B,0)),"")} -> Victoria
A80: Noemi Corrales | C80: {=IFERROR(INDEX(Listado!$C:$C,MATCH($B80,Listado!$B:$B,0)),"")} | D80: {=IFERROR(INDEX(Listado!$D:$D,MATCH($B80,Listado!$B:$B,0)),"")} | E80: {=IFERROR(INDEX(Listado!$E:$E,MATCH($B80,Listado!$B:$B,0)),"")} | F80: {=IFERROR(INDEX(Listado!$F:$F,MATCH($B80,Listado!$B:$B,0)),"")}
A81: {=IFERROR(INDEX(Listado!$A:$A,MATCH($B81,Listado!$B:$B,0)),"")} -> Fleitas Sergio | B81: 31415461 | C81: {=IFERROR(INDEX(Listado!$C:$C,MATCH($B81,Listado!$B:$B,0)),"")} | D81: {=IFERROR(INDEX(Listado!$D:$D,MATCH($B81,Listado!$B:$B,0)),"")} -> Yunque 770 | E81: {=IFERROR(INDEX(Listado!$E:$E,MATCH($B81,Listado!$B:$B,0)),"")} | F81: {=IFERROR(INDEX(Listado!$F:$F,MATCH($B81,Listado!$B:$B,0)),"")} -> Victoria
A82: {=IFERROR(INDEX(Listado!$A:$A,MATCH($B82,Listado!$B:$B,0)),"")} -> Florencia Nicole Roldan | B82: 42778613 | C82: {=IFERROR(INDEX(Listado!$C:$C,MATCH($B82,Listado!$B:$B,0)),"")} -> 011-23974009 | D82: {=IFERROR(INDEX(Listado!$D:$D,MATCH($B82,Listado!$B:$B,0)),"")} -> Chascomus 526 | E82: {=IFERROR(INDEX(Listado!$E:$E,MATCH($B82,Listado!$B:$B,0)),"")} -> 1 | F82: {=IFERROR(INDEX(Listado!$F:$F,MATCH($B82,Listado!$B:$B,0)),"")} -> Victoria
A83: Latella Mariquena | B83: 39213694 | C83: {=IFERROR(INDEX(Listado!$C:$C,MATCH($B83,Listado!$B:$B,0)),"")} | D83: {=IFERROR(INDEX(Listado!$D:$D,MATCH($B83,Listado!$B:$B,0)),"")} | E83: {=IFERROR(INDEX(Listado!$E:$E,MATCH($B83,Listado!$B:$B,0)),"")} | F83: {=IFERROR(INDEX(Listado!$F:$F,MATCH($B83,Listado!$B:$B,0)),"")}
A84: {=IFERROR(INDEX(Listado!$A:$A,MATCH($B84,Listado!$B:$B,0)),"")} -> Ramona Ezequiela Gomez Balbuena | B84: 92707859 | C84: {=IFERROR(INDEX(Listado!$C:$C,MATCH($B84,Listado!$B:$B,0)),"")} -> 011-23429845 | D84: {=IFERROR(INDEX(Listado!$D:$D,MATCH($B84,Listado!$B:$B,0)),"")} -> Yunque 686 | E84: {=IFERROR(INDEX(Listado!$E:$E,MATCH($B84,Listado!$B:$B,0)),"")} -> 1 | F84: {=IFERROR(INDEX(Listado!$F:$F,MATCH($B84,Listado!$B:$B,0)),"")} -> Victoria
A85: {=IFERROR(INDEX(Listado!$A:$A,MATCH($B85,Listado!$B:$B,0)),"")} -> Adriana Cecilia Fleitas | B85: 30492092 | C85: {=IFERROR(INDEX(Listado!$C:$C,MATCH($B85,Listado!$B:$B,0)),"")} | D85: {=IFERROR(INDEX(Listado!$D:$D,MATCH($B85,Listado!$B:$B,0)),"")} -> Yunque 686 | E85: {=IFERROR(INDEX(Listado!$E:$E,MATCH($B85,Listado!$B:$B,0)),"")} -> 3 | F85: {=IFERROR(INDEX(Listado!$F:$F,MATCH($B85,Listado!$B:$B,0)),"")} -> Victoria
A86: {=IFERROR(INDEX(Listado!$A:$A,MATCH($B86,Listado!$B:$B,0)),"")} -> Julio Lopez Rivas | B86: 94970030 | C86: {=IFERROR(INDEX(Listado!$C:$C,MATCH($B86,Listado!$B:$B,0)),"")} -> 221-6763294 | D86: {=IFERROR(INDEX(Listado!$D:$D,MATCH($B86,Listado!$B:$B,0)),"")} -> Solis 1932 | E86: {=IFERROR(INDEX(Listado!$E:$E,MATCH($B86,Listado!$B:$B,0)),"")} -> 3 | F86: {=IFERROR(INDEX(Listado!$F:$F,MATCH($B86,Listado!$B:$B,0)),"")} -> Victoria
A87: {=IFERROR(INDEX(Listado!$A:$A,MATCH($B87,Listado!$B:$B,0)),"")} -> Natalia Caceres | B87: 33955390 | C87: {=IFERROR(INDEX(Listado!$C:$C,MATCH($B87,Listado!$B:$B,0)),"")} -> 2257-556821 | D87: {=IFERROR(INDEX(Listado!$D:$D,MATCH($B87,Listado!$B:$B,0)),"")} -> Libres del Sur 640 | E87: {=IFERROR(INDEX(Listado!$E:$E,MATCH($B87,Listado!$B:$B,0)),"")} -> 4 | F87: {=IFERROR(INDEX(Listado!$F:$F,MATCH($B87,Listado!$B:$B,0)),"")} -> Victoria
A88: {=IFERROR(INDEX(Listado!$A:$A,MATCH($B88,Listado!$B:$B,0)),"")} -> Patricia Yanina Pelaitai | B88: 25185789 | C88: {=IFERROR(INDEX(Listado!$C:$C,MATCH($B88,Listado!$B:$B,0)),"")} -> 11-24761661 | D88: {=IFERROR(INDEX(Listado!$D:$D,MATCH($B88,Listado!$B:$B,0)),"")} -> Marano 1191 | E88: {=IFERROR(INDEX(Listado!$E:$E,MATCH($B88,Listado!$B:$B,0)),"")} -> 2 | F88: {=IFERROR(INDEX(Listado!$F:$F,MATCH($B88,Listado!$B:$B,0)),"")} -> Anto
A89: {=IFERROR(INDEX(Listado!$A:$A,MATCH($B89,Listado!$B:$B,0)),"")} -> Fatima Albarenque | B89: 38583042 | C89: {=IFERROR(INDEX(Listado!$C:$C,MATCH($B89,Listado!$B:$B,0)),"")} | D89: {=IFERROR(INDEX(Listado!$D:$D,MATCH($B89,Listado!$B:$B,0)),"")} -> Colon y Caseros | E89: {=IFERROR(INDEX(Listado!$E:$E,MATCH($B89,Listado!$B:$B,0)),"")} -> 5 | F89: {=IFERROR(INDEX(Listado!$F:$F,MATCH($B89,Listado!$B:$B,0)),"")} -> Anto
A90: {=IFERROR(INDEX(Listado!$A:$A,MATCH($B90,Listado!$B:$B,0)),"")} -> Solange Noemi Viscaya | B90: 42947051 | C90: {=IFERROR(INDEX(Listado!$C:$C,MATCH($B90,Listado!$B:$B,0)),"")} -> 011-51316520 | D90: {=IFERROR(INDEX(Listado!$D:$D,MATCH($B90,Listado!$B:$B,0)),"")} -> Colon 1051 | E90: {=IFERROR(INDEX(Listado!$E:$E,MATCH($B90,Listado!$B:$B,0)),"")} -> 3 | F90: {=IFERROR(INDEX(Listado!$F:$F,MATCH($B90,Listado!$B:$B,0)),"")} -> Anto
A91: {=IFERROR(INDEX(Listado!$A:$A,MATCH($B91,Listado!$B:$B,0)),"")} -> Claudia Elizabeth Beraldi | B91: 21779065 | C91: {=IFERROR(INDEX(Listado!$C:$C,MATCH($B91,Listado!$B:$B,0)),"")} -> 2257-411132 | D91: {=IFERROR(INDEX(Listado!$D:$D,MATCH($B91,Listado!$B:$B,0)),"")} -> Carreras 147 | E91: {=IFERROR(INDEX(Listado!$E:$E,MATCH($B91,Listado!$B:$B,0)),"")} -> 4 | F91: {=IFERROR(INDEX(Listado!$F:$F,MATCH($B91,Listado!$B:$B,0)),"")} -> Anto
A92: Romero Elizabeth | B92: 40256441 | C92: {=IFERROR(INDEX(Listado!$C:$C,MATCH($B92,Listado!$B:$B,0)),"")} | D92: {=IFERROR(INDEX(Listado!$D:$D,MATCH($B92,Listado!$B:$B,0)),"")} | E92: {=IFERROR(INDEX(Listado!$E:$E,MATCH($B92,Listado!$B:$B,0)),"")} | F92: {=IFERROR(INDEX(Listado!$F:$F,MATCH($B92,Listado!$B:$B,0)),"")}
A93: {=IFERROR(INDEX(Listado!$A:$A,MATCH($B93,Listado!$B:$B,0)),"")} -> Silvia Alegre | B93: 13809397 | C93: {=IFERROR(INDEX(Listado!$C:$C,MATCH($B93,Listado!$B:$B,0)),"")} | D93: {=IFERROR(INDEX(Listado!$D:$D,MATCH($B93,Listado!$B:$B,0)),"")} -> Lobo de Mar 115 | E93: {=IFERROR(INDEX(Listado!$E:$E,MATCH($B93,Listado!$B:$B,0)),"")} | F93: {=IFERROR(INDEX(Listado!$F:$F,MATCH($B93,Listado!$B:$B,0)),"")} -> Anto
A94: {=IFERROR(INDEX(Listado!$A:$A,MATCH($B94,Listado!$B:$B,0)),"")} -> Francisca Guillermina Carrizo | B94: 24321982 | C94: {=IFERROR(INDEX(Listado!$C:$C,MATCH($B94,Listado!$B:$B,0)),"")} -> 2257-633924 | D94: {=IFERROR(INDEX(Listado!$D:$D,MATCH($B94,Listado!$B:$B,0)),"")} -> Roldan 10 | E94: {=IFERROR(INDEX(Listado!$E:$E,MATCH($B94,Listado!$B:$B,0)),"")} -> 3 | F94: {=IFERROR(INDEX(Listado!$F:$F,MATCH($B94,Listado!$B:$B,0)),"")} -> Anto
A95: Gimenez Alejandra | C95: {=IFERROR(INDEX(Listado!$C:$C,MATCH($B95,Listado!$B:$B,0)),"")} | D95: {=IFERROR(INDEX(Listado!$D:$D,MATCH($B95,Listado!$B:$B,0)),"")} | E95: {=IFERROR(INDEX(Listado!$E:$E,MATCH($B95,Listado!$B:$B,0)),"")} | F95: {=IFERROR(INDEX(Listado!$F:$F,MATCH($B95,Listado!$B:$B,0)),"")}
A96: {=IFERROR(INDEX(Listado!$A:$A,MATCH($B96,Listado!$B:$B,0)),"")} -> Carmelina Lezcano Ferreira | B96: 95886613 | C96: {=IFERROR(INDEX(Listado!$C:$C,MATCH($B96,Listado!$B:$B,0)),"")} -> 2257-646474 | D96: {=IFERROR(INDEX(Listado!$D:$D,MATCH($B96,Listado!$B:$B,0)),"")} -> Marano 191 | E96: {=IFERROR(INDEX(Listado!$E:$E,MATCH($B96,Listado!$B:$B,0)),"")} -> 3 | F96: {=IFERROR(INDEX(Listado!$F:$F,MATCH($B96,Listado!$B:$B,0)),"")} -> Anto
A97: {=IFERROR(INDEX(Listado!$A:$A,MATCH($B97,Listado!$B:$B,0)),"")} -> Maximiliano Albarenque | B97: 37023094 | C97: {=IFERROR(INDEX(Listado!$C:$C,MATCH($B97,Listado!$B:$B,0)),"")} -> 2257-407780 | D97: {=IFERROR(INDEX(Listado!$D:$D,MATCH($B97,Listado!$B:$B,0)),"")} -> Colon 1000 | E97: {=IFERROR(INDEX(Listado!$E:$E,MATCH($B97,Listado!$B:$B,0)),"")} -> 3 | F97: {=IFERROR(INDEX(Listado!$F:$F,MATCH($B97,Listado!$B:$B,0)),"")} -> Anto
A98: {=IFERROR(INDEX(Listado!$A:$A,MATCH($B98,Listado!$B:$B,0)),"")} -> Natalia Romina Albarenque | B98: 34209797 | C98: {=IFERROR(INDEX(Listado!$C:$C,MATCH($B98,Listado!$B:$B,0)),"")} -> 011-39156729 | D98: {=IFERROR(INDEX(Listado!$D:$D,MATCH($B98,Listado!$B:$B,0)),"")} -> Caseros 1170 | E98: {=IFERROR(INDEX(Listado!$E:$E,MATCH($B98,Listado!$B:$B,0)),"")} -> 5 | F98: {=IFERROR(INDEX(Listado!$F:$F,MATCH($B98,Listado!$B:$B,0)),"")} -> Anto
A99: Maira Albarenque | B99: 34209798 | C99: {=IFERROR(INDEX(Listado!$C:$C,MATCH($B99,Listado!$B:$B,0)),"")} | D99: {=IFERROR(INDEX(Listado!$D:$D,MATCH($B99,Listado!$B:$B,0)),"")} | E99: {=IFERROR(INDEX(Listado!$E:$E,MATCH($B99,Listado!$B:$B,0)),"")} | F99: {=IFERROR(INDEX(Listado!$F:$F,MATCH($B99,Listado!$B:$B,0)),"")}
A100: {=IFERROR(INDEX(Listado!$A:$A,MATCH($B100,Listado!$B:$B,0)),"")} -> Graciela Tabares | B100: 95310083 | C100: {=IFERROR(INDEX(Listado!$C:$C,MATCH($B100,Listado!$B:$B,0)),"")} -> 2257-648425 | D100: {=IFERROR(INDEX(Listado!$D:$D,MATCH($B100,Listado!$B:$B,0)),"")} -> Calvetti 2224 | E100: {=IFERROR(INDEX(Listado!$E:$E,MATCH($B100,Listado!$B:$B,0)),"")} -> 5 | F100: {=IFERROR(INDEX(Listado!$F:$F,MATCH($B100,Listado!$B:$B,0)),"")} -> Anto
...
